URL,Last crawled
https://www.wiziot.com/kuala-lumpur/blog/how-spanish-operators-integrated-isa-with-existing-fleet-management-platforms,2026-08-23
https://www.wiziot.com/cairo/blog/explosion-proof-sensor-networks-that-survive-continuous-hydrocarbon-exposure,2026-08-23
https://www.wiziot.com/kuala-lumpur/blog/signal-attack-pattern-recognition-across-spanish-and-eastern-european-routes,2026-08-23
https://www.wiziot.com/constanta/blog/how-oil-company-fleet-managers-meet-strict-saudi-aramco-safety-requirements,2026-08-23
https://www.wiziot.com/hamburg/blog/how-mexican-operators-closed-the-gap-between-dispensed-and-actual-fuel,2026-08-23
https://www.wiziot.com/barcelona/blog/reducing-lost-chassis-incidents-across-singapore-malaysia-indonesia-corridors,2026-08-23
https://www.wiziot.com/kuala-lumpur/blog/how-to-detect-gps-jammer-trucks-romania-hungary,2026-08-23
https://www.wiziot.com/constanta/blog/how-gps-jammer-detection-prevents-cargo-hijacking-on-mexican-highways,2026-08-23
https://www.wiziot.com/kuala-lumpur/blog/capacity-retention-strategies-for-electric-fleets-crossing-saudi-deserts,2026-08-23
https://www.wiziot.com/barcelona/blog/how-dubai-fleet-managers-reduced-battery-replacement-costs-with-predictive-data,2026-08-23
https://www.wiziot.com/cairo/blog/covert-trackers-with-extended-autonomy-for-prolonged-signal-loss-scenarios,2026-08-23
https://www.wiziot.com/constanta/blog/how-dubai-fleet-managers-reduced-battery-replacement-costs-with-predictive-data,2026-08-23
https://www.wiziot.com/constanta/blog/anti-jamming-hardware-ruggedized-for-african-unpaved-high-risk-roads,2026-08-23
https://www.wiziot.com/rotterdam/blog/why-fleet-directors-in-brazil-are-switching-to-dual-tank-equalization-sensors,2026-08-23
https://www.wiziot.com/hamburg/blog/how-pharma-fleets-in-saudi-arabia-avoid-temperature-excursions-in-extreme-heat,2026-08-23
https://www.wiziot.com/hamburg/blog/preventing-thermal-events-during-fast-charging-in-extreme-uae-summer-heat,2026-08-23
https://www.wiziot.com/constanta/blog/dual-tank-monitoring-that-exposes-equalization-scams-in-brazilian-trucking,2026-08-23
https://www.wiziot.com/constanta/blog/continuous-tracking-continuity-across-kenyan-border-crossings,2026-08-23
https://www.wiziot.com/kuala-lumpur/blog/intrinsically-safe-hardware-that-eliminates-ignition-sources-on-petroleum-tanker,2026-08-23
https://www.wiziot.com/kuala-lumpur/blog/real-time-tanker-location-and-status-visibility-inside-saudi-refinery-perimeters,2026-08-23
https://www.wiziot.com/krakow/blog/how-spanish-operators-cut-administrative-time-spent-on-tachograph-analysis,2026-08-23
https://www.wiziot.com/sao-paulo/blog/meeting-who-gdp-temperature-mapping-requirements-for-vaccine-reefers-in-africa,2026-08-23
https://www.wiziot.com/cairo/blog/engine-load-and-fuel-burn-analytics-for-heavy-haul-trucks-in-australian-iron-ore,2026-08-23
https://www.wiziot.com/constanta/blog/seamless-data-continuity-across-german-and-polish-border-inspection-points,2026-08-23
https://www.wiziot.com/cairo/blog/immobilization-protocols-that-protect-drivers-while-stopping-hijackers-in-mexico,2026-08-23
https://www.wiziot.com/cairo/blog/isa-system-integration-that-meets-2024-requirements-across-german-long-haul-oper,2026-08-23
https://www.wiziot.com/cairo/blog/how-saudi-petroleum-haulers-met-strict-aramco-telematics-mandates,2026-08-23
https://www.wiziot.com/cairo/blog/how-spanish-operators-integrated-isa-with-existing-fleet-management-platforms,2026-08-23
https://www.wiziot.com/cairo/blog/audit-proof-digital-records-ready-for-any-eu-member-state-inspection,2026-08-23
https://www.wiziot.com/kuala-lumpur/blog/combining-ble-chassis-data-with-gps-for-end-to-end-intermodal-visibility,2026-08-23
https://www.wiziot.com/hamburg/blog/battery-pack-health-dashboards-for-fleet-directors,2026-08-23
https://www.wiziot.com/kuala-lumpur/blog/how-indonesian-mine-operators-cut-unplanned-downtime-with-ruggedized-sensors,2026-08-23
https://www.wiziot.com/hamburg/blog/isa-system-integration-that-meets-2024-requirements-across-german-long-haul-oper,2026-08-23
https://www.wiziot.com/rotterdam/blog/continuous-tracking-during-port-to-highway-transitions-in-santos-and-apapa-areas,2026-08-23
https://www.wiziot.com/constanta/blog/battery-thermal-runaway-early-warning-for-ev-fleets-in-qatar-summer-peaks,2026-08-23
https://www.wiziot.com/cairo/blog/digital-tachograph-remote-interrogation-solutions-for-cross-border-ten-t-fleets,2026-08-23
https://www.wiziot.com/krakow/blog/isa-system-accuracy-validation-on-complex-urban-and-highway-mixes-in-poland,2026-08-23
https://www.wiziot.com/hamburg/blog/speed-restricted-immobilization-protocols-for-high-risk-colombian-routes,2026-08-23
https://www.wiziot.com/hamburg/blog/reducing-lost-chassis-incidents-across-singapore-malaysia-indonesia-corridors,2026-08-23
https://www.wiziot.com/kuala-lumpur/blog/detecting-fake-fuel-receipts-across-kenyan-filling-stations-before-month-end-clo,2026-08-23
https://www.wiziot.com/cairo/blog/speed-limiting-that-restricts-vehicle-movement-only-during-confirmed-signal-loss,2026-08-23
https://www.wiziot.com/kuala-lumpur/blog/real-time-container-chassis-tracking-during-long-queues-at-asean-ports,2026-08-23
https://www.wiziot.com/cairo/blog/panic-button-integration-that-coordinates-rapid-response-on-colombian-routes,2026-08-23
https://www.wiziot.com/cairo/blog/soc-forecasting-models-that-account-for-50c-ambient-temperature-effects,2026-08-23
https://www.wiziot.com/cairo/blog/capacitance-data-export-ready-for-police-and-insurance-investigations,2026-08-23
https://www.wiziot.com/rotterdam/blog/soc-and-soh-optimization-strategies-for-saudi-electric-truck-fleets-in-desert-co,2026-08-23
https://www.wiziot.com/constanta/blog/geofence-accuracy-at-exact-immigration-lane-level-for-singapore-entries,2026-08-23
https://www.wiziot.com/cairo/blog/predictive-maintenance-alerts-that-cut-unplanned-downtime-for-gcc-quarry-operato,2026-08-23
https://www.wiziot.com/krakow/blog/predictive-maintenance-alerts-that-cut-unplanned-downtime-for-gcc-quarry-operato,2026-08-23
https://www.wiziot.com/krakow/blog/real-time-exception-management-across-causeway-port-and-open-pit-environments,2026-08-23
https://www.wiziot.com/cairo/blog/real-time-compliance-dashboards-for-adnoc-aramco-and-uae-regulatory-teams,2026-08-23
https://www.wiziot.com/kuala-lumpur/blog/covert-gps-units-with-extended-battery-life-for-mexican-high-value-loads,2026-08-23
https://www.wiziot.com/hamburg/blog/anti-jamming-hardware-that-maintains-visibility-across-the-mombasa-corridor,2026-08-23
https://www.wiziot.com/hamburg/blog/real-time-alerts-for-cooling-system-failures-in-extreme-ambient-conditions,2026-08-23
https://www.wiziot.com/kuala-lumpur/blog/thermal-runaway-containment-strategies-for-desert-ev-operations,2026-08-23
https://www.wiziot.com/constanta/blog/how-romanian-security-heads-reduced-highway-theft-incidents-with-layered-detecti,2026-08-23
https://www.wiziot.com/kuala-lumpur/blog/detecting-temperature-compensated-fuel-theft-in-extreme-heat-on-south-african-ro,2026-08-23
https://www.wiziot.com/krakow/blog/spill-and-overfill-prevention-systems-that-meet-adnoc-safety-standards,2026-08-23
https://www.wiziot.com/kuala-lumpur/blog/oil-company-audit-ready-data-packages-generated-automatically-from-the-field,2026-08-23
https://www.wiziot.com/kuala-lumpur/blog/automated-working-time-violation-alerts-before-they-trigger-fines-in-hungary,2026-08-23
https://www.wiziot.com/cairo/blog/capacitive-probe-accuracy-that-survives-extreme-heat-and-dust-in-northern-nigeri,2026-08-23
https://www.wiziot.com/hamburg/blog/how-hungarian-carriers-achieved-seamless-gsr-2024-readiness-before-deadline,2026-08-23
https://www.wiziot.com/kuala-lumpur/blog/night-siphoning-detection-patterns-across-gcc-night-routes,2026-08-23
https://www.wiziot.com/cairo/blog/seamless-multi-sim-roaming-for-cross-border-trips-through-mombasa-and-nairobi,2026-08-23
https://www.wiziot.com/krakow/blog/how-colombian-transport-heads-reduced-highway-robbery-incidents-by-47,2026-08-23
https://www.wiziot.com/constanta/blog/real-time-container-chassis-tracking-during-long-queues-at-asean-ports,2026-08-23
https://www.wiziot.com/hamburg/blog/intermodal-container-chassis-ble-tracking-across-singapore-and-malaysian-ports,2026-08-23
https://www.wiziot.com/kuala-lumpur/blog/how-colombian-operators-cut-monthly-fuel-shrinkage-by-28-with-probe-integration,2026-08-23
https://www.wiziot.com/cairo/blog/reducing-insurance-premiums-through-documented-fatigue-and-distraction-events,2026-08-23
https://www.wiziot.com/rotterdam/blog/how-malaysian-logistics-directors-improved-on-time-delivery-across-the-causeway,2026-08-23
https://www.wiziot.com/cairo/blog/bms-telemetry-that-supports-insurance-and-residual-value-claims-in-the-gcc,2026-08-23
https://www.wiziot.com/constanta/blog/volumetric-dual-tank-fuel-probe-calibration-guide,2026-08-23
https://www.wiziot.com/cairo/blog/in-cabin-ai-that-cuts-mobile-phone-distraction-incidents-in-polish-long-haul-fle,2026-08-23
https://www.wiziot.com/cairo/blog/preventing-fuel-losses-during-long-queues-at-nigerian-depot-gates,2026-08-23
https://www.wiziot.com/rotterdam/blog/anti-jamming-systems-ruggedized-for-eastern-european-winter-operating-conditions,2026-08-23
https://www.wiziot.com/constanta/blog/highway-hijacking-prevention-through-multi-layer-jammer-detection-in-mexico,2026-08-23
https://www.wiziot.com/cairo/blog/predictive-maintenance-for-dump-trucks-operating-in-high-dust-indonesian-mines,2026-08-23
https://www.wiziot.com/hamburg/blog/how-nigerian-logistics-heads-stopped-highway-bandit-attacks-with-layered-trackin,2026-08-23
https://www.wiziot.com/cairo/blog/continuous-pressure-and-temperature-logging-for-oil-company-regulatory-reporting,2026-08-23
https://www.wiziot.com/constanta/blog/early-warning-systems-that-detect-rising-cell-temperatures-before-critical-thres,2026-08-23
https://www.wiziot.com/rotterdam/blog/detecting-partial-siphoning-events-before-they-accumulate-into-major-losses,2026-08-23
https://www.wiziot.com/kuala-lumpur/blog/atex-zone-0-compliance-checklists-for-petroleum-tanker-telematics-deployments,2026-08-23
https://www.wiziot.com/kuala-lumpur/blog/speed-restricted-immobilization-protocols-for-high-risk-colombian-routes,2026-08-23
https://www.wiziot.com/cairo/blog/continuous-hazardous-area-tracking-for-petroleum-fleets-across-the-uae,2026-08-23
https://www.wiziot.com/cairo/blog/reefer-predictive-maintenance-compressor-failure-telematics,2026-08-23
https://www.wiziot.com/cairo/blog/preventing-diesel-losses-on-long-night-hauls-between-bogot-and-medelln,2026-08-23
https://www.wiziot.com/cairo/blog/thermal-management-roi-calculations-for-gcc-electric-fleet-conversions,2026-08-23
https://www.wiziot.com/constanta/blog/why-fleet-directors-in-brazil-are-switching-to-dual-tank-equalization-sensors,2026-08-23
https://www.wiziot.com/barcelona/blog/soc-and-soh-optimization-strategies-for-saudi-electric-truck-fleets-in-desert-co,2026-08-23
https://www.wiziot.com/kuala-lumpur/blog/predictive-over-speed-risk-scoring-for-drivers-on-romanian-motorways,2026-08-23
https://www.wiziot.com/krakow/blog/gsr-2024-intelligent-speed-assistance-roi-case-studies-from-german-fleets,2026-08-23
https://www.wiziot.com/krakow/blog/anti-jamming-systems-ruggedized-for-eastern-european-winter-operating-conditions,2026-08-23
https://www.wiziot.com/krakow/blog/covert-trackers-with-multi-day-battery-life-for-extended-hijack-scenarios,2026-08-23
https://www.wiziot.com/kuala-lumpur/blog/spill-and-overfill-prevention-systems-that-meet-adnoc-safety-standards,2026-08-23
https://www.wiziot.com/krakow/blog/detecting-temperature-compensated-fuel-theft-in-extreme-heat-on-south-african-ro,2026-08-23
https://www.wiziot.com/krakow/blog/explosion-proof-camera-and-sensor-integration-for-petroleum-tanker-security,2026-08-23
https://www.wiziot.com/kuala-lumpur/blog/how-abu-dhabi-operators-extended-battery-cycle-life-by-22-with-active-cooling-al,2026-08-23
https://www.wiziot.com/rotterdam/blog/how-nigerian-operators-eliminated-weekend-siphoning-losses-overnight,2026-08-23
https://www.wiziot.com/hamburg/blog/volumetric-dual-tank-fuel-probe-calibration-guide,2026-08-23
https://www.wiziot.com/kuala-lumpur/blog/vibration-resistant-sensors-designed-for-continuous-haul-road-impacts,2026-08-23
https://www.wiziot.com/constanta/blog/preventing-sudden-capacity-loss-in-high-heat-ev-deployments,2026-08-23
https://www.wiziot.com/kuala-lumpur/blog/ip69k-mining-dump-truck-telemetry-proven-in-indonesian-equatorial-conditions,2026-08-22
https://www.wiziot.com/constanta/blog/reefer-alarm-escalation-that-protects-vaccines-during-power-outages,2026-08-22
https://www.wiziot.com/cairo/blog/how-oil-company-fleet-managers-meet-strict-saudi-aramco-safety-requirements,2026-08-22
https://www.wiziot.com/rotterdam/blog/how-nigerian-logistics-heads-stopped-highway-bandit-attacks-with-layered-trackin,2026-08-22
https://www.wiziot.com/hamburg/blog/achieving-eu-gsr-2024-compliance-with-integrated-adas-collision-warnings,2026-08-22
https://www.wiziot.com/krakow/blog/dual-ai-dms-cameras-that-detect-micro-sleep-before-accidents-happen,2026-08-22
https://www.wiziot.com/kuala-lumpur/blog/continuous-visibility-maintenance-across-the-full-ten-t-core-network,2026-08-22
https://www.wiziot.com/cairo/blog/covert-trackers-with-multi-day-battery-life-for-extended-hijack-scenarios,2026-08-22
https://www.wiziot.com/hamburg/blog/reefer-alarm-escalation-that-protects-vaccines-during-power-outages,2026-08-22
https://www.wiziot.com/constanta/blog/integrated-thermal-and-location-data-for-comprehensive-ev-risk-management,2026-08-22
https://www.wiziot.com/krakow/blog/why-fleet-directors-in-brazil-are-switching-to-dual-tank-equalization-sensors,2026-08-22
https://www.wiziot.com/hamburg/blog/real-time-bms-health-alerts-that-extend-battery-life-in-saudi-desert-conditions,2026-08-22
https://www.wiziot.com/krakow/blog/pharma-cold-chain-excursion-reports-ready-for-regulatory-audits,2026-08-22
https://www.wiziot.com/kuala-lumpur/blog/continuous-bms-health-scoring-for-high-utilization-electric-truck-fleets,2026-08-22
https://www.wiziot.com/cairo/blog/how-nigerian-security-heads-coordinated-rapid-response-with-live-telematics,2026-08-22
https://www.wiziot.com/kuala-lumpur/blog/spoilage-prevention-strategies-for-perishable-exports-from-south-african-farms,2026-08-22
https://www.wiziot.com/rotterdam/blog/hydraulic-pressure-and-temperature-alerts-built-for-open-pit-extreme-conditions,2026-08-22
https://www.wiziot.com/cairo/blog/ruggedized-hardware-surviving-ip69k-wash-and-dust-in-open-pits,2026-08-22
https://www.wiziot.com/constanta/blog/how-abu-dhabi-operators-extended-battery-cycle-life-by-22-with-active-cooling-al,2026-08-22
https://www.wiziot.com/cairo/blog/predictive-isa-interventions-that-reduce-harsh-braking-linked-to-speed-limits,2026-08-22
https://www.wiziot.com/krakow/blog/reducing-lost-chassis-incidents-across-singapore-malaysia-indonesia-corridors,2026-08-22
https://www.wiziot.com/constanta/blog/detecting-after-hours-unauthorized-fueling-events-at-kenyan-depots,2026-08-22
https://www.wiziot.com/constanta/blog/real-time-bms-health-alerts-that-extend-battery-life-in-saudi-desert-conditions,2026-08-22
https://www.wiziot.com/cairo/blog/how-polish-operators-reduced-working-time-infringements-by-39-with-live-data,2026-08-22
https://www.wiziot.com/cairo/blog/gps-signal-integrity-monitoring-for-brazilian-intermodal-container-moves,2026-08-22
https://www.wiziot.com/cairo/blog/detecting-fake-fuel-receipts-across-kenyan-filling-stations-before-month-end-clo,2026-08-22
https://www.wiziot.com/cairo/blog/anti-jamming-systems-tested-on-real-nigerian-and-kenyan-high-risk-routes,2026-08-22
https://www.wiziot.com/constanta/blog/achieving-full-eu-gsr-2024-intelligent-speed-assistance-compliance-for-polish-fl,2026-08-22
https://www.wiziot.com/cairo/blog/full-safety-and-compliance-visibility-across-dubai-abu-dhabi-and-saudi-routes,2026-08-22
https://www.wiziot.com/cairo/blog/extending-ev-range-through-predictive-thermal-management-in-australia,2026-08-22
https://www.wiziot.com/barcelona/blog/detecting-partial-siphoning-events-before-they-accumulate-into-major-losses,2026-08-22
https://www.wiziot.com/cairo/blog/container-location-accuracy-during-long-dwell-at-indonesian-ports,2026-08-22
https://www.wiziot.com/cairo/blog/how-capacitive-fuel-probes-stop-night-siphoning-losses-in-nigerian-diesel-fleets,2026-08-22
https://www.wiziot.com/kuala-lumpur/blog/covert-trackers-with-multi-day-battery-life-for-extended-hijack-scenarios,2026-08-22
https://www.wiziot.com/cairo/blog/intrinsically-safe-panic-buttons-and-emergency-alerts-for-tanker-drivers,2026-08-22
https://www.wiziot.com/cairo/blog/hydraulic-system-health-monitoring-for-excavators-in-chilean-copper-mines,2026-08-22
https://www.wiziot.com/rotterdam/blog/how-hungarian-carriers-achieved-seamless-gsr-2024-readiness-before-deadline,2026-08-22
https://www.wiziot.com/cairo/blog/continuous-tracking-during-port-to-highway-transitions-in-santos-and-apapa-areas,2026-08-22
https://www.wiziot.com/kuala-lumpur/blog/predictive-thermal-runaway-models-tuned-for-gcc-desert-operating-conditions,2026-08-22
https://www.wiziot.com/cairo/blog/battery-pack-cooling-efficiency-monitoring-under-real-desert-load-conditions,2026-08-22
https://www.wiziot.com/kuala-lumpur/blog/how-malaysian-logistics-directors-improved-on-time-delivery-across-the-causeway,2026-08-22
https://www.wiziot.com/kuala-lumpur/blog/real-time-location-continuity-during-signal-attacks-on-colombian-routes,2026-08-22
https://www.wiziot.com/krakow/blog/how-dual-sim-devices-maintain-signal-integrity-on-the-mexico-us-border-routes,2026-08-22
https://www.wiziot.com/cairo/blog/protecting-ev-battery-packs-from-thermal-runaway-in-uae-summer-heat,2026-08-22
https://www.wiziot.com/cairo/blog/uninterrupted-tracking-for-time-sensitive-cargo-moving-across-the-causeway-daily,2026-08-22
https://www.wiziot.com/kuala-lumpur/blog/who-gdp-temperature-mapping-vaccine-reefers-africa,2026-08-22
https://www.wiziot.com/cairo/blog/cross-border-compliance-data-packages-ready-for-singapore-and-malaysian-authorit,2026-08-22
https://www.wiziot.com/kuala-lumpur/blog/integrated-thermal-and-location-data-for-comprehensive-ev-risk-management,2026-08-22
https://www.wiziot.com/cairo/blog/covert-secondary-trackers-that-activate-automatically-during-signal-loss,2026-08-22
https://www.wiziot.com/cairo/blog/real-time-alerts-for-cooling-system-failures-in-extreme-ambient-conditions,2026-08-22
https://www.wiziot.com/cairo/blog/how-pharma-fleets-in-saudi-arabia-avoid-temperature-excursions-in-extreme-heat,2026-08-22
https://www.wiziot.com/cairo/blog/preventing-sudden-capacity-loss-in-high-heat-ev-deployments,2026-08-22
https://www.wiziot.com/kuala-lumpur/blog/how-nigerian-security-heads-coordinated-rapid-response-with-live-telematics,2026-08-22
https://www.wiziot.com/constanta/blog/how-malaysian-logistics-directors-improved-on-time-delivery-across-the-causeway,2026-08-22
https://www.wiziot.com/kuala-lumpur/blog/dual-ai-dms-cameras-that-detect-micro-sleep-before-accidents-happen,2026-08-22
https://www.wiziot.com/cairo/blog/how-mexican-operators-closed-the-gap-between-dispensed-and-actual-fuel,2026-08-22
https://www.wiziot.com/rotterdam/blog/battery-pack-longevity-strategies-for-continuous-desert-heat-exposure,2026-08-22
https://www.wiziot.com/cairo/blog/how-mexican-fleet-operators-recovered-stolen-fuel-with-02-accuracy-probes,2026-08-22
https://www.wiziot.com/constanta/blog/cross-border-beitbridge-namanga-telematics-tracking-guide,2026-08-22
https://www.wiziot.com/constanta/blog/battery-pack-longevity-strategies-for-continuous-desert-heat-exposure,2026-08-22
https://www.wiziot.com/krakow/blog/ai-powered-fatigue-scoring-that-flags-high-risk-drivers-before-departure,2026-08-22
https://www.wiziot.com/cairo/blog/how-saudi-fleet-directors-cut-unplanned-ev-downtime-with-predictive-bms-data,2026-08-22
https://www.wiziot.com/warsaw/blog/seamless-multi-driver-card-management-for-complex-european-route-networks,2026-08-22
https://www.wiziot.com/medellin/blog/night-run-monitoring-protocols-that-stop-diesel-theft-in-colombia,2026-08-22
https://www.wiziot.com/medellin/blog/instant-exception-alerts-when-chassis-leave-designated-zones-unauthorized,2026-08-22
https://www.wiziot.com/nairobi/blog/continuous-ultra-low-temperature-monitoring-for-dry-ice-pharma-shipments-across-,2026-08-22
https://www.wiziot.com/medellin/blog/thermal-management-dashboards-that-keep-gcc-ev-trucks-roadworthy-year-round,2026-08-22
https://www.wiziot.com/krakow/blog/real-time-bms-health-alerts-that-extend-battery-life-in-saudi-desert-conditions,2026-08-22
https://www.wiziot.com/cairo/blog/ip69k-hardware-that-survives-continuous-high-pressure-cleaning-in-australian-pit,2026-08-22
https://www.wiziot.com/krakow/blog/achieving-eu-gsr-2024-compliance-with-integrated-adas-collision-warnings,2026-08-22
https://www.wiziot.com/cairo/blog/speed-assistance-accuracy-in-complex-road-environments-across-romania,2026-08-22
https://www.wiziot.com/hamburg/blog/cold-chain-monitoring-reefer-trailer-nigeria-vaccines,2026-08-22
https://www.wiziot.com/cairo/blog/explosion-proof-camera-and-sensor-integration-for-petroleum-tanker-security,2026-08-22
https://www.wiziot.com/krakow/blog/how-nigerian-logistics-heads-stopped-highway-bandit-attacks-with-layered-trackin,2026-08-22
https://www.wiziot.com/cairo/blog/vibration-resistant-sensors-designed-for-continuous-haul-road-impacts,2026-08-22
https://www.wiziot.com/cairo/blog/continuous-bms-health-scoring-for-high-utilization-electric-truck-fleets,2026-08-22
https://www.wiziot.com/johor-bahru/blog/preventing-demurrage-and-detention-from-misplaced-chassis-in-malaysian-ports,2026-08-22
https://www.wiziot.com/nairobi/blog/detecting-fake-fuel-receipts-before-they-drain-your-latam-transport-budget,2026-08-22
https://www.wiziot.com/mombasa/blog/anti-jamming-hardware-that-maintains-visibility-across-the-mombasa-corridor,2026-08-22
https://www.wiziot.com/singapore/blog/predictive-maintenance-scheduling-based-on-real-time-bms-stress-metrics,2026-08-22
https://www.wiziot.com/jeddah/blog/continuous-telemetry-through-areas-with-zero-cellular-coverage-in-remote-pits,2026-08-22
https://www.wiziot.com/singapore/blog/chassis-utilization-analytics-that-improve-asset-turnover-across-australia,2026-08-22
https://www.wiziot.com/nairobi/blog/optimized-device-configurations-for-mixed-singapore-malaysia-daily-operations,2026-08-22
https://www.wiziot.com/nairobi/blog/preventing-high-value-pharmaceutical-cargo-losses-on-african-highways,2026-08-22
https://www.wiziot.com/bucharest/blog/multi-zone-reefer-temperature-telematics-frozen-chilled,2026-08-22
https://www.wiziot.com/nairobi/blog/driver-fatigue-risk-scores-integrated-into-dispatch-decisioning,2026-08-22
https://www.wiziot.com/cairo/blog/gsr-2024-intelligent-speed-assistance-roi-case-studies-from-german-fleets,2026-08-22
https://www.wiziot.com/constanta/blog/hydraulic-system-health-alerts-that-prevent-catastrophic-failures-in-the-pit,2026-08-22
https://www.wiziot.com/cairo/blog/remote-tachograph-download-solutions-compliant-with-eu-regulations-in-poland,2026-08-22
https://www.wiziot.com/cairo/blog/hazardous-area-geofencing-that-triggers-instant-safety-protocols,2026-08-22
https://www.wiziot.com/hamburg/blog/integrated-thermal-and-location-data-for-comprehensive-ev-risk-management,2026-08-22
https://www.wiziot.com/krakow/blog/detecting-partial-siphoning-events-before-they-accumulate-into-major-losses,2026-08-22
https://www.wiziot.com/constanta/blog/preventing-diesel-theft-on-mombasa-nairobi-corridor-night-runs,2026-08-22
https://www.wiziot.com/rotterdam/blog/how-apac-fleet-and-mine-directors-achieved-single-pane-control-across-diverse-en,2026-08-22
https://www.wiziot.com/constanta/blog/hydraulic-pressure-and-temperature-alerts-built-for-open-pit-extreme-conditions,2026-08-22
https://www.wiziot.com/hamburg/blog/soc-and-soh-optimization-strategies-for-saudi-electric-truck-fleets-in-desert-co,2026-08-22
https://www.wiziot.com/rotterdam/blog/how-dual-ai-systems-reduced-rear-end-collisions-for-spanish-logistics-fleets,2026-08-22
https://www.wiziot.com/cairo/blog/continuous-visibility-across-the-mombasa-corridor-despite-frequent-jamming-attem,2026-08-22
https://www.wiziot.com/kuala-lumpur/blog/how-hungarian-carriers-achieved-seamless-gsr-2024-readiness-before-deadline,2026-08-22
https://www.wiziot.com/hamburg/blog/detecting-partial-siphoning-events-before-they-accumulate-into-major-losses,2026-08-22
https://www.wiziot.com/cairo/blog/atex-zone-0-sensor-accuracy-that-survives-continuous-hydrocarbon-vapor-exposure,2026-08-22
https://www.wiziot.com/cairo/blog/why-fleet-directors-in-brazil-are-switching-to-dual-tank-equalization-sensors,2026-08-22
https://www.wiziot.com/cairo/blog/preventing-static-build-up-risks-during-high-speed-desert-tanker-operations,2026-08-22
https://www.wiziot.com/cairo/blog/detecting-after-hours-unauthorized-fueling-events-at-kenyan-depots,2026-08-22
https://www.wiziot.com/krakow/blog/how-apac-fleet-and-mine-directors-achieved-single-pane-control-across-diverse-en,2026-08-22
https://www.wiziot.com/cairo/blog/achieving-full-eu-gsr-2024-intelligent-speed-assistance-compliance-for-polish-fl,2026-08-22
https://www.wiziot.com/cairo/blog/how-dual-sim-devices-maintain-signal-integrity-on-the-mexico-us-border-routes,2026-08-22
https://www.wiziot.com/kuala-lumpur/blog/volumetric-dual-tank-fuel-probe-calibration-guide,2026-08-22
https://www.wiziot.com/cairo/blog/intermodal-container-chassis-ble-tracking-across-singapore-and-malaysian-ports,2026-08-22
https://www.wiziot.com/krakow/blog/can-bus-fuel-consumption-vs-fuel-sensor-accuracy,2026-08-22
https://www.wiziot.com/cairo/blog/predictive-thermal-runaway-models-tuned-for-gcc-desert-operating-conditions,2026-08-22
https://www.wiziot.com/hamburg/blog/gps-signal-integrity-monitoring-on-high-risk-romanian-and-hungarian-corridors,2026-08-22
https://www.wiziot.com/kuala-lumpur/blog/how-colombian-transport-heads-reduced-highway-robbery-incidents-by-47,2026-08-22
https://www.wiziot.com/constanta/blog/soc-and-soh-optimization-strategies-for-saudi-electric-truck-fleets-in-desert-co,2026-08-22
https://www.wiziot.com/kuala-lumpur/blog/preventing-diesel-theft-on-mombasa-nairobi-corridor-night-runs,2026-08-22
https://www.wiziot.com/cairo/blog/early-warning-systems-that-detect-rising-cell-temperatures-before-critical-thres,2026-08-22
https://www.wiziot.com/krakow/blog/battery-pack-longevity-strategies-for-continuous-desert-heat-exposure,2026-08-22
https://www.wiziot.com/kano/blog/singapore-malaysia-causeway-truck-telematics-cross-border,2026-08-22
https://www.wiziot.com/cairo/blog/atex-zone-0-compliance-checklists-for-petroleum-tanker-telematics-deployments,2026-08-22
https://www.wiziot.com/constanta/blog/how-hungarian-carriers-achieved-seamless-gsr-2024-readiness-before-deadline,2026-08-22
https://www.wiziot.com/constanta/blog/how-nigerian-operators-eliminated-weekend-siphoning-losses-overnight,2026-08-22
https://www.wiziot.com/cairo/blog/how-fleet-managers-in-kenya-recovered-18-of-diesel-costs-with-probe-integration,2026-08-22
https://www.wiziot.com/cairo/blog/integrated-thermal-and-location-data-for-comprehensive-ev-risk-management,2026-08-22
https://www.wiziot.com/sao-paulo/blog/thermal-runaway-containment-strategies-for-desert-ev-operations,2026-08-22
https://www.wiziot.com/cairo/blog/preventing-chassis-misplacement-with-continuous-ble-beacon-monitoring,2026-08-22
https://www.wiziot.com/cairo/blog/achieving-eu-gsr-2024-compliance-with-integrated-adas-collision-warnings,2026-08-22
https://www.wiziot.com/krakow/blog/real-time-alerts-that-address-speed-hours-and-signal-integrity-simultaneously,2026-08-22
https://www.wiziot.com/cairo/blog/integrated-extreme-heat-protection-strategies-for-next-generation-ev-fleets,2026-08-22
https://www.wiziot.com/hamburg/blog/how-apac-fleet-and-mine-directors-achieved-single-pane-control-across-diverse-en,2026-08-22
https://www.wiziot.com/cairo/blog/covert-gps-trackers-that-outsmart-highway-bandits-on-brazilian-federal-roads,2026-08-22
https://www.wiziot.com/kuala-lumpur/blog/battery-powered-ble-tags-that-last-through-multi-week-intermodal-cycles,2026-08-22
https://www.wiziot.com/cairo/blog/preventing-diesel-theft-on-mombasa-nairobi-corridor-night-runs,2026-08-22
https://www.wiziot.com/cairo/blog/intermodal-chassis-ble-tracking-that-scales-to-thousands-of-units-across-asean-p,2026-08-22
https://www.wiziot.com/cairo/blog/volumetric-dual-tank-fuel-probe-calibration-guide,2026-08-22
https://www.wiziot.com/kuala-lumpur/blog/hydraulic-pressure-and-temperature-alerts-built-for-open-pit-extreme-conditions,2026-08-22
https://www.wiziot.com/kano/blog/intermodal-container-chassis-ble-tracking-across-singapore-and-malaysian-ports,2026-08-22
https://www.wiziot.com/kuala-lumpur/blog/soc-and-soh-optimization-strategies-for-saudi-electric-truck-fleets-in-desert-co,2026-08-22
https://www.wiziot.com/rotterdam/blog/fuel-siphoning-detection-tanzania-uganda-transit,2026-08-22
https://www.wiziot.com/sao-paulo/blog/intrinsically-safe-dual-ai-cameras-for-driver-monitoring-in-hazardous-zones,2026-08-22
https://www.wiziot.com/hamburg/blog/continuous-tracking-reliability-tested-on-high-frequency-causeway-shuttle-runs,2026-08-22
https://www.wiziot.com/kuala-lumpur/blog/meeting-who-gdp-temperature-mapping-requirements-for-vaccine-reefers-in-africa,2026-08-22
https://www.wiziot.com/casablanca/blog/immobilizer-logic-that-respects-eu-driver-safety-and-legal-requirements,2026-08-22
https://www.wiziot.com/constanta/solutions/ev-fleets,2026-08-22
https://www.wiziot.com/kano/blog/preventing-driver-hours-violations-with-real-time-digital-tachograph-alerts,2026-08-22
https://www.wiziot.com/sao-paulo/blog/oil-company-audit-trails-generated-automatically-from-atex-certified-devices,2026-08-22
https://www.wiziot.com/casablanca/blog/gps-jammer-detection-latency-under-8-seconds-for-critical-cargo-protection,2026-08-22
https://www.wiziot.com/kuala-lumpur/blog/gdp-mapping-that-satisfies-both-who-and-local-authority-requirements,2026-08-22
https://www.wiziot.com/cairo/blog/monitoring-gear-hours-and-fuel-burn-on-excavators-in-extreme-dust-environments,2026-08-22
https://www.wiziot.com/cairo/blog/how-malaysian-logistics-directors-improved-on-time-delivery-across-the-causeway,2026-08-22
https://www.wiziot.com/sao-paulo/blog/documenting-distraction-events-to-negotiate-lower-fleet-insurance-rates,2026-08-22
https://www.wiziot.com/cairo/blog/thermal-runaway-containment-strategies-for-desert-ev-operations,2026-08-22
https://www.wiziot.com/cairo/blog/how-colombian-operators-cut-monthly-fuel-shrinkage-by-28-with-probe-integration,2026-08-22
https://www.wiziot.com/cairo/blog/real-time-border-crossing-duration-tracking-for-service-level-agreement-manageme,2026-08-22
https://www.wiziot.com/kuala-lumpur/blog/how-hungarian-fleets-demonstrated-full-technical-compliance-ahead-of-deadlines,2026-08-22
https://www.wiziot.com/cairo/blog/anti-jamming-hardware-ruggedized-for-african-unpaved-high-risk-roads,2026-08-22
https://www.wiziot.com/constanta/blog/digital-tachograph-remote-interrogation-solutions-for-cross-border-ten-t-fleets,2026-08-22
https://www.wiziot.com/krakow/blog/stop-night-diesel-siphoning-lagos-ibadan-expressway,2026-08-22
https://www.wiziot.com/sao-paulo/blog/remote-immobilize-stolen-truck-kenya-app,2026-08-22
https://www.wiziot.com/casablanca/blog/real-time-jammer-detection-latency-under-10-seconds-for-critical-european-loads,2026-08-22
https://www.wiziot.com/casablanca/blog/real-time-speed-limit-change-detection-on-dynamic-ten-t-sections,2026-08-22
https://www.wiziot.com/cairo/blog/covert-tracker-battery-life-that-lasts-through-extended-hijack-attempts,2026-08-22
https://www.wiziot.com/cairo/blog/battery-pack-longevity-strategies-for-continuous-desert-heat-exposure,2026-08-22
https://www.wiziot.com/kuala-lumpur/blog/hydraulic-system-health-alerts-that-prevent-catastrophic-failures-in-the-pit,2026-08-22
https://www.wiziot.com/sao-paulo/blog/how-hungarian-carriers-achieved-seamless-gsr-2024-readiness-before-deadline,2026-08-22
https://www.wiziot.com/kuala-lumpur/blog/how-nigerian-fleet-directors-cut-fuel-losses-34-using-dual-tank-probe-monitoring,2026-08-22
https://www.wiziot.com/cairo/blog/intrinsically-safe-dual-ai-cameras-for-driver-monitoring-in-hazardous-zones,2026-08-22
https://www.wiziot.com/cairo/blog/reefer-alarm-escalation-that-protects-vaccines-during-power-outages,2026-08-22
https://www.wiziot.com/sao-paulo/blog/covert-secondary-gps-trackers-high-value-cargo-security,2026-08-22
https://www.wiziot.com/cairo/blog/reducing-lost-chassis-incidents-across-singapore-malaysia-indonesia-corridors,2026-08-22
https://www.wiziot.com/barcelona/blog/fuel-monitoring-system-with-sensor-kenya-trucks-price,2026-08-22
https://www.wiziot.com/kuala-lumpur/blog/capacitive-probe-accuracy-that-survives-extreme-heat-and-dust-in-northern-nigeri,2026-08-22
https://www.wiziot.com/barcelona/blog/covert-tracker-activation-logic-tuned-for-european-highway-risk-profiles,2026-08-22
https://www.wiziot.com/cairo/blog/how-hungarian-carriers-achieved-seamless-gsr-2024-readiness-before-deadline,2026-08-22
https://www.wiziot.com/kuala-lumpur/blog/how-apac-fleet-and-mine-directors-achieved-single-pane-control-across-diverse-en,2026-08-22
https://www.wiziot.com/sao-paulo/blog/combined-gsr-2024-isa-and-digital-tachograph-compliance-for-polish-operators,2026-08-22
https://www.wiziot.com/barcelona/blog/instant-security-escalation-protocols-triggered-by-confirmed-ten-t-jamming-event,2026-08-22
https://www.wiziot.com/kuala-lumpur/blog/cross-border-beitbridge-namanga-telematics-tracking-guide,2026-08-22
https://www.wiziot.com/cairo/blog/hydraulic-pressure-and-temperature-alerts-built-for-open-pit-extreme-conditions,2026-08-22
https://www.wiziot.com/cairo/blog/detecting-partial-siphoning-events-before-they-accumulate-into-major-losses,2026-08-22
https://www.wiziot.com/kuala-lumpur/blog/capacitive-fuel-sensors-that-expose-driver-siphoning-schemes-in-south-african-fl,2026-08-22
https://www.wiziot.com/cairo/blog/how-nigerian-operators-eliminated-weekend-siphoning-losses-overnight,2026-08-22
https://www.wiziot.com/cairo/blog/soc-and-soh-optimization-strategies-for-saudi-electric-truck-fleets-in-desert-co,2026-08-22
https://www.wiziot.com/casablanca/blog/fish-seafood-transport-temperature-telematics,2026-08-22
https://www.wiziot.com/constanta/blog/how-nigerian-logistics-heads-stopped-highway-bandit-attacks-with-layered-trackin,2026-08-22
https://www.wiziot.com/cairo/blog/cross-border-beitbridge-namanga-telematics-tracking-guide,2026-08-22
https://www.wiziot.com/sao-paulo/blog/turbocharger-boost-pressure-telemetry-diagnostics,2026-08-22
https://www.wiziot.com/cairo/blog/how-apac-fleet-and-mine-directors-achieved-single-pane-control-across-diverse-en,2026-08-22
https://www.wiziot.com/hamburg/blog/equipment-health-scores-that-drive-daily-dispatch-and-maintenance-decisions,2026-08-22
https://www.wiziot.com/kano/blog/capacity-retention-strategies-for-electric-fleets-crossing-saudi-deserts,2026-08-22
https://www.wiziot.com/durban/blog/gps-jammer-detection-mexican-highways-cargo-theft,2026-08-22
https://www.wiziot.com/barcelona/blog/capacity-fade-forecasting-for-electric-fleets-operating-near-the-arabian-gulf,2026-08-22
https://www.wiziot.com/johor-bahru/blog/micro-sleep-detection-accuracy-validated-in-real-fleet-trials,2026-08-22
https://www.wiziot.com/perth/blog/speed-assistance-accuracy-in-complex-road-environments-across-romania,2026-08-22
https://www.wiziot.com/kano/blog/thermal-runaway-containment-strategies-for-desert-ev-operations,2026-08-22
https://www.wiziot.com/riyadh/blog/singapore-malaysia-causeway-truck-telematics-cross-border,2026-08-22
https://www.wiziot.com/johannesburg/blog/multi-driver-tachograph-management-for-complex-ten-t-cross-border-operations,2026-08-22
https://www.wiziot.com/santos/blog/battery-pack-cooling-telemetry-designed-for-continuous-uae-summer-operations,2026-08-22
https://www.wiziot.com/cairo/blog/fuel-volume-discrepancy-alerts-that-trigger-immediate-investigations,2026-08-22
https://www.wiziot.com/johannesburg/blog/oil-company-compliance-reporting-ready-for-adnoc-and-saudi-regulatory-audits,2026-08-22
https://www.wiziot.com/bucharest/blog/dual-ai-dms-cameras-that-detect-micro-sleep-before-accidents-happen,2026-08-22
https://www.wiziot.com/casablanca/blog/gps-jamming-response-protocols-for-high-risk-latam-highways,2026-08-22
https://www.wiziot.com/johannesburg/blog/atex-compliant-gps-and-fuel-level-monitoring-for-gcc-petroleum-haulers,2026-08-22
https://www.wiziot.com/rotterdam/blog/preventing-manipulation-of-tachograph-data-on-long-poland-to-spain-hauls,2026-08-22
https://www.wiziot.com/rotterdam/blog/real-time-dump-truck-cycle-time-monitoring-for-australian-mining-productivity,2026-08-22
https://www.wiziot.com/rotterdam/blog/continuous-bms-health-scoring-for-high-utilization-electric-truck-fleets,2026-08-22
https://www.wiziot.com/perth/blog/emergency-response-automation-triggered-by-atex-certified-telematics-events,2026-08-22
https://www.wiziot.com/krakow/blog/driver-fatigue-risk-scores-integrated-into-dispatch-decisioning,2026-08-22
https://www.wiziot.com/rotterdam/blog/soh-degradation-tracking-across-extreme-ambient-temperature-cycles,2026-08-22
https://www.wiziot.com/johor-bahru/blog/bms-health-dashboards-customized-for-gcc-fleet-operations-managers,2026-08-22
https://www.wiziot.com/cairo/blog/preventing-high-value-pharmaceutical-cargo-losses-on-african-highways,2026-08-22
https://www.wiziot.com/krakow/blog/truck-theft-recovery-armed-response-api-integration,2026-08-22
https://www.wiziot.com/hamburg/blog/full-operational-dashboards-covering-cross-border-transit-mining-and-intermodal-,2026-08-22
https://www.wiziot.com/johor-bahru/blog/atex-compliant-gps-and-fuel-level-monitoring-for-gcc-petroleum-haulers,2026-08-22
https://www.wiziot.com/kano/blog/instant-location-updates-when-chassis-move-between-port-and-inland-depots,2026-08-22
https://www.wiziot.com/casablanca/blog/integrated-thermal-and-location-data-for-comprehensive-ev-risk-management,2026-08-22
https://www.wiziot.com/constanta/blog/preventing-diesel-losses-on-long-haul-runs-through-colombia,2026-08-22
https://www.wiziot.com/cairo/blog/predictive-alerts-that-address-causeway-delays-chassis-misplacement-and-equipmen,2026-08-22
https://www.wiziot.com/johannesburg/blog/early-thermal-runaway-alerts-that-protect-high-value-ev-assets-across-the-gcc,2026-08-22
https://www.wiziot.com/kano/blog/cargo-security-escalation-that-triggers-armed-response-on-kenyan-highways,2026-08-22
https://www.wiziot.com/hamburg/blog/full-equipment-utilization-dashboards-for-open-pit-fleet-superintendents,2026-08-22
https://www.wiziot.com/johor-bahru/solutions/healthcare,2026-08-22
https://www.wiziot.com/sao-paulo/blog/adas-forward-collision-warning-highway-freight,2026-08-22
https://www.wiziot.com/kano/blog/continuous-visibility-even-during-network-handover-between-national-operators,2026-08-22
https://www.wiziot.com/kano/blog/reducing-lost-chassis-incidents-across-singapore-malaysia-indonesia-corridors,2026-08-22
https://www.wiziot.com/krakow/blog/temperature-compensated-charging-protocols-that-protect-battery-chemistry,2026-08-22
https://www.wiziot.com/medellin/solutions/healthcare,2026-08-22
https://www.wiziot.com/singapore/blog/battery-cooling-system-performance-alerts-for-saudi-long-haul-ev-routes,2026-08-22
https://www.wiziot.com/kano/blog/seamless-cross-border-tracking-across-the-singapore-johor-causeway-with-multi-si,2026-08-22
https://www.wiziot.com/kano/blog/ip69k-sealed-units-that-survive-monsoon-conditions-in-indonesian-open-pit-mines,2026-08-22
https://www.wiziot.com/krakow/blog/continuous-ten-t-anti-jamming-protection-for-german-long-distance-haulers,2026-08-22
https://www.wiziot.com/rotterdam/blog/optimized-device-configurations-for-mixed-singapore-malaysia-daily-operations,2026-08-22
https://www.wiziot.com/rotterdam/blog/covert-gps-units-with-extended-battery-life-for-mexican-high-value-loads,2026-08-22
https://www.wiziot.com/casablanca/blog/signal-attack-pattern-recognition-across-spanish-and-eastern-european-routes,2026-08-22
https://www.wiziot.com/barcelona/blog/multi-layer-anti-jamming-that-maintains-both-primary-and-secondary-tracking,2026-08-22
https://www.wiziot.com/barcelona/blog/real-time-location-continuity-during-signal-attacks-on-colombian-routes,2026-08-22
https://www.wiziot.com/sao-paulo/blog/remote-tachograph-download-solutions-compliant-with-eu-regulations-in-poland,2026-08-22
https://www.wiziot.com/perth/blog/full-hazardous-area-visibility-without-compromising-intrinsic-safety-ratings,2026-08-22
https://www.wiziot.com/casablanca/blog/cross-border-causeway-performance-benchmarks-from-real-singapore-malaysia-fleets,2026-08-22
https://www.wiziot.com/rotterdam/blog/explosion-proof-fuel-theft-detection-for-high-value-petroleum-movements,2026-08-22
https://www.wiziot.com/kano/blog/multi-driver-tachograph-management-for-complex-ten-t-cross-border-operations,2026-08-22
https://www.wiziot.com/hamburg/blog/preventing-organized-theft-rings-operating-between-brazilian-states,2026-08-22
https://www.wiziot.com/kuala-lumpur/blog/gsr-2024-isa-performance-benchmarks-from-real-polish-fleet-deployments,2026-08-22
https://www.wiziot.com/constanta/blog/21-cfr-part-11-audit-trails-for-cold-chain-shipments-through-dubai-logistics-hub,2026-08-22
https://www.wiziot.com/constanta/blog/multi-layer-tracking-redundancy-for-high-value-mining-and-container-movements,2026-08-22
https://www.wiziot.com/kuala-lumpur/blog/battery-pack-cooling-efficiency-monitoring-under-real-desert-load-conditions,2026-08-22
https://www.wiziot.com/cairo/blog/multi-zone-reefer-temperature-telematics-frozen-chilled,2026-08-22
https://www.wiziot.com/krakow/blog/combined-gsr-2024-isa-and-digital-tachograph-compliance-for-polish-operators,2026-08-22
https://www.wiziot.com/casablanca/blog/preventing-capacity-loss-during-prolonged-idle-periods-in-extreme-ambient-heat,2026-08-22
https://www.wiziot.com/kuala-lumpur/blog/fake-fuel-invoices-cross-check-telematics-africa,2026-08-22
https://www.wiziot.com/constanta/blog/intelligent-speed-assistance-that-adapts-to-temporary-roadworks-across-germany,2026-08-22
https://www.wiziot.com/sao-paulo/blog/real-time-geofence-and-jammer-combined-alerts-for-high-value-european-cargo,2026-08-22
https://www.wiziot.com/cairo/blog/multi-sim-roaming-solutions-optimized-for-asean-cross-border-hauls,2026-08-22
https://www.wiziot.com/barcelona/blog/dms-in-cabin-fatigue-scorecard-fleet-safety,2026-08-22
https://www.wiziot.com/kano/blog/how-polish-fleet-managers-automated-monthly-compliance-reporting,2026-08-22
https://www.wiziot.com/kano/blog/detecting-fake-fuel-receipts-across-kenyan-filling-stations-before-month-end-clo,2026-08-22
https://www.wiziot.com/constanta/blog/how-spanish-operators-cut-administrative-time-spent-on-tachograph-analysis,2026-08-22
https://www.wiziot.com/krakow/blog/engine-load-and-fuel-burn-analytics-for-heavy-haul-trucks-in-australian-iron-ore,2026-08-22
https://www.wiziot.com/hamburg/blog/instant-exception-alerts-when-chassis-leave-designated-zones-unauthorized,2026-08-22
https://www.wiziot.com/krakow/blog/real-time-overfill-and-spill-prevention-systems-for-atex-zone-0-environments,2026-08-22
https://www.wiziot.com/constanta/blog/audit-ready-tachograph-reports-generated-automatically-for-eu-authority-checks,2026-08-22
https://www.wiziot.com/casablanca/blog/atex-zone-0-petroleum-tanker-fuel-telematics,2026-08-22
https://www.wiziot.com/sao-paulo/blog/how-dubai-fleet-managers-reduced-battery-replacement-costs-with-predictive-data,2026-08-22
https://www.wiziot.com/barcelona/blog/real-time-speed-limit-change-detection-on-dynamic-ten-t-sections,2026-08-22
https://www.wiziot.com/rotterdam/blog/seamless-cross-border-tracking-across-the-singapore-johor-causeway-with-multi-si,2026-08-22
https://www.wiziot.com/krakow/blog/how-to-detect-gps-jammer-trucks-romania-hungary,2026-08-22
https://www.wiziot.com/cairo/blog/ten-t-transit-anti-jamming-performance-validated-on-real-multi-country-hauls,2026-08-22
https://www.wiziot.com/sao-paulo/blog/real-time-queue-length-prediction-at-woodlands-and-tuas-checkpoints,2026-08-22
https://www.wiziot.com/cairo/blog/brake-pad-wear-temperature-telematics-safety,2026-08-22
https://www.wiziot.com/constanta/blog/how-to-stop-fuel-theft-trucks-nigeria-fleet-owner,2026-08-22
https://www.wiziot.com/kano/blog/continuous-tracking-during-port-to-highway-transitions-in-santos-and-apapa-areas,2026-08-22
https://www.wiziot.com/hamburg/blog/uninterrupted-tracking-for-time-sensitive-cargo-moving-across-the-causeway-daily,2026-08-22
https://www.wiziot.com/rotterdam/blog/how-romanian-security-heads-reduced-highway-theft-incidents-with-layered-detecti,2026-08-22
https://www.wiziot.com/sao-paulo/blog/battery-voltage-monitoring-fleet-alternator-failure,2026-08-22
https://www.wiziot.com/rotterdam/blog/multi-layer-tracking-redundancy-for-high-value-mining-and-container-movements,2026-08-22
https://www.wiziot.com/kuala-lumpur/blog/preventing-ignition-risks-during-night-loading-operations-in-abu-dhabi,2026-08-22
https://www.wiziot.com/budapest/blog/end-to-end-compliance-visibility-across-spain-hungary-and-eastern-corridors,2026-08-22
https://www.wiziot.com/hamburg/blog/ev-battery-thermal-runaway-prevention-dubai-summer-heat,2026-08-22
https://www.wiziot.com/barcelona/blog/ev-fleet-battery-management-system-bms-uae-gcc,2026-08-22
https://www.wiziot.com/sao-paulo/blog/immobilizer-logic-that-activates-only-after-confirmed-jamming-in-colombia,2026-08-22
https://www.wiziot.com/rotterdam/blog/how-capacitive-fuel-probes-stop-night-siphoning-losses-in-nigerian-diesel-fleets,2026-08-22
https://www.wiziot.com/krakow/blog/preventing-spill-and-ignition-incidents-during-night-operations-in-saudi-arabia,2026-08-22
https://www.wiziot.com/cairo/blog/preventing-delays-from-incomplete-location-data-during-peak-causeway-hours,2026-08-22
https://www.wiziot.com/sao-paulo/blog/atex-zone-0-petroleum-tanker-safety-systems-that-exceed-oil-company-standards,2026-08-22
https://www.wiziot.com/constanta/blog/atex-zone-0-petroleum-tanker-safety-systems-that-exceed-oil-company-standards,2026-08-22
https://www.wiziot.com/kano/blog/dual-ai-dms-cameras-that-detect-micro-sleep-before-accidents-happen,2026-08-22
https://www.wiziot.com/kuala-lumpur/blog/fake-receipt-matching-algorithms-deployed-across-brazilian-trucking-networks,2026-08-22
https://www.wiziot.com/casablanca/blog/long-life-ble-beacons-that-require-minimal-maintenance-in-harsh-port-environment,2026-08-22
https://www.wiziot.com/constanta/blog/anti-jamming-hardware-tested-on-real-poland-to-spain-long-haul-movements,2026-08-22
https://www.wiziot.com/warsaw/blog/covert-tracker-battery-life-that-lasts-through-extended-hijack-attempts,2026-08-22
https://www.wiziot.com/cairo/blog/chassis-turnaround-time-analytics-across-malaysian-and-australian-terminals,2026-08-22
https://www.wiziot.com/barcelona/blog/prevent-diesel-theft-fuel-tankers-south-africa,2026-08-22
https://www.wiziot.com/constanta/blog/vibration-resistant-sensors-designed-for-continuous-haul-road-impacts,2026-08-22
https://www.wiziot.com/rotterdam/blog/intrinsically-safe-dual-ai-cameras-for-driver-monitoring-in-hazardous-zones,2026-08-22
https://www.wiziot.com/sao-paulo/blog/atex-compliant-gps-and-fuel-level-monitoring-for-gcc-petroleum-haulers,2026-08-22
https://www.wiziot.com/hamburg/blog/covert-gps-units-with-extended-battery-life-for-mexican-high-value-loads,2026-08-22
https://www.wiziot.com/casablanca/blog/continuous-tracking-during-port-to-highway-transitions-in-santos-and-apapa-areas,2026-08-22
https://www.wiziot.com/rotterdam/blog/how-to-detect-gps-jammer-trucks-romania-hungary,2026-08-22
https://www.wiziot.com/constanta/blog/real-time-volume-discrepancy-alerts-for-colombian-long-haul-diesel-trucks,2026-08-22
https://www.wiziot.com/kano/blog/driver-harsh-braking-overrevving-engine-wear-prevention,2026-08-22
https://www.wiziot.com/kuala-lumpur/blog/audit-proof-digital-records-ready-for-any-eu-member-state-inspection,2026-08-22
https://www.wiziot.com/sao-paulo/blog/cross-border-causeway-performance-benchmarks-from-real-singapore-malaysia-fleets,2026-08-22
https://www.wiziot.com/casablanca/blog/real-time-cargo-location-continuity-across-kenyan-high-risk-corridors,2026-08-22
https://www.wiziot.com/constanta/blog/container-location-accuracy-during-long-dwell-at-indonesian-ports,2026-08-22
https://www.wiziot.com/krakow/blog/fuel-siphoning-pattern-recognition-across-multiple-vehicles-in-one-fleet,2026-08-22
https://www.wiziot.com/rotterdam/blog/can-bus-fuel-consumption-vs-fuel-sensor-accuracy,2026-08-22
https://www.wiziot.com/cairo/blog/engine-hour-logging-accuracy-that-supports-precise-maintenance-contracts,2026-08-22
https://www.wiziot.com/barcelona/blog/covert-trackers-that-survive-signal-blocking-on-brazilian-br-116-and-br-101,2026-08-22
https://www.wiziot.com/kano/blog/full-hazardous-area-visibility-without-compromising-intrinsic-safety-ratings,2026-08-22
https://www.wiziot.com/sao-paulo/blog/how-to-stop-fuel-theft-trucks-nigeria-fleet-owner,2026-08-22
https://www.wiziot.com/warsaw/blog/gps-jammer-detection-latency-under-8-seconds-for-critical-cargo-protection,2026-08-22
https://www.wiziot.com/hamburg/blog/anti-hijack-panic-buttons-high-risk-transit-routes,2026-08-22
https://www.wiziot.com/casablanca/blog/thermal-management-roi-calculations-for-gcc-electric-fleet-conversions,2026-08-22
https://www.wiziot.com/kano/blog/dms-driver-fatigue-monitoring-camera-telematics,2026-08-22
https://www.wiziot.com/barcelona/blog/end-to-end-causeway-visibility-that-supports-just-in-time-manufacturing-supply-c,2026-08-22
https://www.wiziot.com/casablanca/blog/ip69k-rugged-telemetry-for-open-pit-mining-dump-trucks-in-indonesia,2026-08-22
https://www.wiziot.com/rotterdam/blog/brake-pad-wear-temperature-telematics-safety,2026-08-22
https://www.wiziot.com/kano/blog/reefer-solar-powered-telematics-unpowered-trailers,2026-08-22
https://www.wiziot.com/kuala-lumpur/blog/how-multi-country-european-fleets-achieved-single-pane-regulatory-control,2026-08-22
https://www.wiziot.com/constanta/blog/agricultural-tractor-combine-harvester-telematics-tracking,2026-08-22
https://www.wiziot.com/kano/blog/how-eastern-and-western-european-fleet-directors-combined-isa-tachographs-and-an,2026-08-22
https://www.wiziot.com/casablanca/blog/ten-t-compliance-tracking-without-coverage-gaps,2026-08-22
https://www.wiziot.com/casablanca/blog/isa-event-heatmaps-that-guide-driver-coaching-programs-across-poland,2026-08-22
https://www.wiziot.com/sao-paulo/blog/covert-trackers-that-survive-signal-blocking-on-brazilian-br-116-and-br-101,2026-08-22
https://www.wiziot.com/casablanca/blog/intrinsically-safe-dual-ai-cameras-for-driver-monitoring-in-hazardous-zones,2026-08-22
https://www.wiziot.com/rotterdam/blog/full-safety-and-compliance-visibility-across-dubai-abu-dhabi-and-saudi-routes,2026-08-22
https://www.wiziot.com/barcelona/blog/soc-forecasting-models-that-account-for-50c-ambient-temperature-effects,2026-08-22
https://www.wiziot.com/santos/blog/real-time-bms-health-alerts-that-extend-battery-life-in-saudi-desert-conditions,2026-08-22
https://www.wiziot.com/casablanca/blog/ten-t-transit-anti-jamming-performance-validated-on-real-multi-country-hauls,2026-08-22
https://www.wiziot.com/casablanca/blog/driver-fuel-theft-monitoring-system-south-africa-fleet,2026-08-22
https://www.wiziot.com/krakow/blog/continuous-location-integrity-for-trucks-crossing-into-singapore-from-johor-bahr,2026-08-22
https://www.wiziot.com/hamburg/blog/optimizing-soc-and-soh-for-electric-fleets-operating-in-australian-mining-region,2026-08-22
https://www.wiziot.com/sao-paulo/blog/hydraulic-pressure-trends-that-predict-seal-failures,2026-08-22
https://www.wiziot.com/casablanca/blog/preventing-diesel-losses-on-long-night-hauls-between-bogot-and-medelln,2026-08-22
https://www.wiziot.com/hamburg/blog/maintaining-full-telemetry-continuity-during-long-queues-at-woodlands-and-tuas,2026-08-22
https://www.wiziot.com/constanta/blog/end-to-end-intermodal-visibility-from-vessel-discharge-to-final-delivery,2026-08-22
https://www.wiziot.com/casablanca/blog/detecting-temperature-compensated-fuel-theft-in-extreme-heat-on-south-african-ro,2026-08-22
https://www.wiziot.com/cairo/blog/detecting-fake-fuel-receipts-before-they-drain-your-latam-transport-budget,2026-08-22
https://www.wiziot.com/rotterdam/blog/satellite-cellular-hybrid-connectivity-for-truly-remote-australian-mining-sites,2026-08-22
https://www.wiziot.com/durban/blog/how-indonesian-logistics-heads-reduced-container-dwell-time-with-ble-tracking,2026-08-22
https://www.wiziot.com/kano/blog/tipper-truck-hydraulic-lift-monitoring-unauthorized-dumping,2026-08-22
https://www.wiziot.com/constanta/blog/real-time-overfill-and-spill-prevention-systems-for-atex-zone-0-environments,2026-08-22
https://www.wiziot.com/hamburg/blog/real-time-compliance-dashboards-for-adnoc-aramco-and-uae-regulatory-teams,2026-08-22
https://www.wiziot.com/hamburg/blog/how-hungarian-fleets-demonstrated-full-technical-compliance-ahead-of-deadlines,2026-08-22
https://www.wiziot.com/hamburg/blog/full-audit-trail-generation-for-saudi-and-uae-oil-company-compliance-teams,2026-08-22
https://www.wiziot.com/casablanca/blog/preventing-high-value-pharma-cargo-theft-on-the-mombasa-nairobi-run,2026-08-22
https://www.wiziot.com/warsaw/blog/early-detection-of-cell-swelling-and-pressure-build-up-in-desert-heat,2026-08-22
https://www.wiziot.com/kano/blog/predictive-alerts-for-brake-and-drivetrain-wear-on-heavy-mining-dump-trucks,2026-08-22
https://www.wiziot.com/casablanca/blog/ten-t-anti-jamming-strategies-proven-on-poland-germany-spain-transit-routes,2026-08-22
https://www.wiziot.com/casablanca/blog/end-to-end-resilience-combining-causeway-roaming-ip69k-mining-telemetry-and-ble-,2026-08-22
https://www.wiziot.com/kuala-lumpur/blog/preventing-undeclared-driving-time-through-continuous-tachograph-monitoring,2026-08-22
https://www.wiziot.com/sao-paulo/blog/real-time-volume-discrepancy-alerts-for-colombian-long-haul-diesel-trucks,2026-08-22
https://www.wiziot.com/casablanca/blog/chassis-turnaround-time-analytics-across-malaysian-and-australian-terminals,2026-08-22
https://www.wiziot.com/rotterdam/blog/spill-and-overfill-prevention-systems-that-meet-adnoc-safety-standards,2026-08-22
https://www.wiziot.com/kano/blog/atex-zone-0-petroleum-tanker-safety-systems-that-exceed-oil-company-standards,2026-08-22
https://www.wiziot.com/constanta/blog/preventing-diesel-losses-on-long-night-hauls-between-bogot-and-medelln,2026-08-22
https://www.wiziot.com/constanta/blog/vibration-and-shock-logging-that-supports-warranty-and-maintenance-claims,2026-08-22
https://www.wiziot.com/casablanca/blog/full-gsr-2024-readiness-checklists-for-multi-national-european-operators,2026-08-22
https://www.wiziot.com/kuala-lumpur/blog/how-south-african-directors-quantified-exact-liters-stolen-per-incident,2026-08-22
https://www.wiziot.com/cairo/blog/preventing-thermal-events-during-peak-afternoon-charging-in-the-uae,2026-08-22
https://www.wiziot.com/krakow/blog/how-nigerian-operators-eliminated-weekend-siphoning-losses-overnight,2026-08-22
https://www.wiziot.com/lagos/blog/how-romanian-fleet-directors-avoided-non-compliance-penalties-with-certified-isa,2026-08-22
https://www.wiziot.com/sao-paulo/blog/gps-tracker-stops-working-at-border-romania-ukraine,2026-08-22
https://www.wiziot.com/barcelona/blog/rf-interference-detection-cellular-fallback-telematics,2026-08-22
https://www.wiziot.com/sao-paulo/blog/night-siphoning-detection-patterns-on-the-abidjan-lagos-coastal-route,2026-08-22
https://www.wiziot.com/kuala-lumpur/blog/preventing-chassis-detention-charges-with-continuous-presence-detection,2026-08-22
https://www.wiziot.com/casablanca/blog/multi-layer-location-redundancy-that-survives-sustained-jamming-attacks,2026-08-22
https://www.wiziot.com/santos/blog/isa-event-heatmaps-that-guide-driver-coaching-programs-across-poland,2026-08-22
https://www.wiziot.com/cairo/blog/continuous-monitoring-of-idle-time-and-fuel-waste-on-large-dump-truck-fleets,2026-08-22
https://www.wiziot.com/sao-paulo/blog/covert-gps-trackers-that-outsmart-highway-bandits-on-brazilian-federal-roads,2026-08-22
https://www.wiziot.com/casablanca/blog/gsr-2024-intelligent-speed-assistance-roi-case-studies-from-german-fleets,2026-08-22
https://www.wiziot.com/kano/blog/can-bus-fault-codes-delivered-instantly-to-maintenance-teams,2026-08-22
https://www.wiziot.com/rotterdam/blog/full-audit-trail-generation-covering-gsr-2024-tachographs-and-ten-t-security,2026-08-22
https://www.wiziot.com/barcelona/blog/multi-layer-location-redundancy-that-survives-sustained-jamming-attacks,2026-08-22
https://www.wiziot.com/kano/blog/fuel-siphoning-detection-tanzania-uganda-transit,2026-08-22
https://www.wiziot.com/cairo/blog/truck-theft-recovery-armed-response-api-integration,2026-08-22
https://www.wiziot.com/cairo/blog/how-indonesian-mine-operators-cut-unplanned-downtime-with-ruggedized-sensors,2026-08-22
https://www.wiziot.com/krakow/blog/jammer-detection-that-triggers-armed-response-apis-within-seconds,2026-08-22
https://www.wiziot.com/dammam/blog/ev-battery-thermal-mapping-across-dubai-to-abu-dhabi-high-temperature-corridors,2026-08-22
https://www.wiziot.com/jeddah/blog/who-gdp-temperature-mapping-vaccine-reefers-africa,2026-08-22
https://www.wiziot.com/constanta/blog/real-time-alerts-that-triggered-immediate-driver-interviews-in-south-africa,2026-08-22
https://www.wiziot.com/cairo/blog/driver-harsh-braking-overrevving-engine-wear-prevention,2026-08-22
https://www.wiziot.com/sao-paulo/blog/tracking-engine-hours-and-hydraulic-pressure-on-heavy-equipment-across-african-m,2026-08-22
https://www.wiziot.com/casablanca/blog/capacitive-fuel-probe-calibration-guide-heavy-trucks,2026-08-22
https://www.wiziot.com/kano/blog/iso-26262-remote-engine-immobilizer-safety,2026-08-22
https://www.wiziot.com/casablanca/blog/dms-driver-fatigue-monitoring-camera-telematics,2026-08-22
https://www.wiziot.com/rotterdam/blog/long-life-ble-beacons-that-require-minimal-maintenance-in-harsh-port-environment,2026-08-22
https://www.wiziot.com/kano/blog/multi-carrier-esim-vs-nano-sim-commercial-fleets,2026-08-22
https://www.wiziot.com/casablanca/blog/continuous-tank-integrity-monitoring-for-hazardous-material-transporters-in-the-,2026-08-22
https://www.wiziot.com/sao-paulo/blog/multi-carrier-esim-vs-nano-sim-commercial-fleets,2026-08-22
https://www.wiziot.com/casablanca/blog/hydraulic-and-engine-parameter-trending-that-predicts-component-failures,2026-08-22
https://www.wiziot.com/krakow/blog/preventing-diesel-losses-on-long-haul-runs-through-colombia,2026-08-22
https://www.wiziot.com/sao-paulo/solutions/healthcare,2026-08-22
https://www.wiziot.com/casablanca/blog/can-bus-j1939-diagnostics-for-off-road-fleet-reliability-in-colombia,2026-08-22
https://www.wiziot.com/sao-paulo/blog/capacitance-drift-compensation-for-accurate-readings-in-extreme-african-heat,2026-08-22
https://www.wiziot.com/sao-paulo/blog/door-open-sensor-cold-chain-thermal-leak-prevention,2026-08-22
https://www.wiziot.com/rotterdam/blog/driver-harsh-braking-overrevving-engine-wear-prevention,2026-08-22
https://www.wiziot.com/sao-paulo/blog/preventing-diesel-losses-on-long-haul-runs-through-colombia,2026-08-22
https://www.wiziot.com/casablanca/blog/full-operational-dashboards-covering-cross-border-transit-mining-and-intermodal-,2026-08-22
https://www.wiziot.com/johor-bahru/blog/video-telematics-gdpr-privacy-driver-compliance,2026-08-22
https://www.wiziot.com/casablanca/blog/immobilizer-logic-that-activates-only-after-confirmed-jamming-in-colombia,2026-08-22
https://www.wiziot.com/sao-paulo/blog/ev-fleet-battery-management-system-bms-uae-gcc,2026-08-22
https://www.wiziot.com/sao-paulo/blog/anti-hijack-telematics-mexico-city-truck-highway,2026-08-22
https://www.wiziot.com/casablanca/blog/catching-driver-siphoning-schemes-across-gcc-desert-routes-with-02-accuracy-prob,2026-08-22
https://www.wiziot.com/sao-paulo/blog/reefer-maintenance-predictive-compressor-failure,2026-08-22
https://www.wiziot.com/krakow/blog/ten-t-transit-anti-jamming-performance-validated-on-real-multi-country-hauls,2026-08-22
https://www.wiziot.com/hamburg/blog/preventing-thermal-events-during-peak-afternoon-charging-in-the-uae,2026-08-22
https://www.wiziot.com/sao-paulo/blog/real-time-fuel-level-drop-alerts-for-mexican-cross-border-fleet-operations,2026-08-22
https://www.wiziot.com/sao-paulo/blog/fuel-volume-discrepancy-alerts-that-trigger-immediate-investigations,2026-08-22
https://www.wiziot.com/kano/solutions/school-transport,2026-08-22
https://www.wiziot.com/krakow/blog/capacitance-data-that-supports-insurance-claims-for-stolen-diesel-in-africa,2026-08-22
https://www.wiziot.com/hamburg/blog/instant-alerts-for-unauthorized-chassis-movement-at-australian-intermodal-termin,2026-08-22
https://www.wiziot.com/hamburg/blog/soc-accuracy-improvements-under-extreme-heat-stress-for-gcc-electric-fleets,2026-08-22
https://www.wiziot.com/hamburg/blog/remote-tachograph-download-solutions-compliant-with-eu-regulations-in-poland,2026-08-22
https://www.wiziot.com/barcelona/blog/speed-limiting-that-restricts-vehicle-movement-only-during-confirmed-signal-loss,2026-08-22
https://www.wiziot.com/cairo/blog/temperature-compensated-charging-protocols-that-protect-battery-chemistry,2026-08-22
https://www.wiziot.com/rotterdam/blog/reducing-manual-chassis-checks-and-yard-search-time-dramatically,2026-08-22
https://www.wiziot.com/krakow/blog/automated-arrival-and-departure-logging-at-singapore-and-johor-checkpoints,2026-08-22
https://www.wiziot.com/rotterdam/blog/continuous-pressure-and-temperature-logging-for-oil-company-regulatory-reporting,2026-08-22
https://www.wiziot.com/lagos/blog/reefer-alarm-not-working-food-spoiled-south-africa,2026-08-22
https://www.wiziot.com/kuala-lumpur/blog/atex-zone-0-petroleum-tanker-fuel-telematics,2026-08-22
https://www.wiziot.com/kuala-lumpur/blog/safe-remote-engine-cut-off-protocols-commercial-trucks,2026-08-22
https://www.wiziot.com/barcelona/blog/oil-company-audit-trails-generated-automatically-from-atex-certified-devices,2026-08-22
https://www.wiziot.com/barcelona/blog/multi-layer-tracking-redundancy-for-high-value-mining-and-container-movements,2026-08-22
https://www.wiziot.com/cairo/blog/preventing-manipulation-of-tachograph-data-on-long-poland-to-spain-hauls,2026-08-22
https://www.wiziot.com/kuala-lumpur/blog/protecting-ev-battery-packs-from-thermal-runaway-in-uae-summer-heat,2026-08-22
https://www.wiziot.com/hamburg/blog/predictive-maintenance-for-dump-trucks-operating-in-high-dust-indonesian-mines,2026-08-22
https://www.wiziot.com/barcelona/blog/cross-border-causeway-performance-benchmarks-from-real-singapore-malaysia-fleets,2026-08-22
https://www.wiziot.com/kuala-lumpur/blog/capacitive-sensors-that-ignore-vibration-noise-on-african-dirt-roads,2026-08-22
https://www.wiziot.com/barcelona/blog/capacitance-data-that-supports-insurance-claims-for-stolen-diesel-in-africa,2026-08-22
https://www.wiziot.com/hamburg/blog/preventing-container-tampering-during-port-dwell-times-in-malaysia,2026-08-22
https://www.wiziot.com/rotterdam/blog/turbocharger-boost-pressure-telemetry-diagnostics,2026-08-22
https://www.wiziot.com/barcelona/blog/how-indonesian-logistics-heads-reduced-container-dwell-time-with-ble-tracking,2026-08-22
https://www.wiziot.com/kuala-lumpur/blog/explosion-proof-sensor-networks-that-survive-continuous-hydrocarbon-exposure,2026-08-22
https://www.wiziot.com/hamburg/blog/preventing-armed-robbery-of-high-value-electronics-loads-in-south-africa,2026-08-22
https://www.wiziot.com/rotterdam/blog/predictive-over-speed-risk-scoring-for-drivers-on-romanian-motorways,2026-08-22
https://www.wiziot.com/sao-paulo/blog/battery-cooling-system-performance-alerts-for-saudi-long-haul-ev-routes,2026-08-22
https://www.wiziot.com/hamburg/blog/continuous-compliance-scoring-for-every-vehicle-against-gsr-2024-requirements,2026-08-22
https://www.wiziot.com/krakow/blog/covert-trackers-that-remain-undetectable-during-physical-vehicle-searches,2026-08-22
https://www.wiziot.com/casablanca/blog/hydraulic-pressure-and-temperature-alerts-built-for-open-pit-extreme-conditions,2026-08-22
https://www.wiziot.com/constanta/blog/predictive-maintenance-for-dump-trucks-operating-in-high-dust-indonesian-mines,2026-08-22
https://www.wiziot.com/barcelona/blog/capacitive-sensors-that-ignore-temperature-drift-in-extreme-heat,2026-08-22
https://www.wiziot.com/casablanca/solutions/school-transport,2026-08-22
https://www.wiziot.com/barcelona/blog/reefer-alarm-not-working-food-spoiled-south-africa,2026-08-22
https://www.wiziot.com/sao-paulo/blog/thermal-runaway-containment-protocols-integrated-with-fleet-command-centers,2026-08-22
https://www.wiziot.com/hamburg/blog/full-historical-transit-records-for-dispute-resolution-and-customer-reporting,2026-08-22
https://www.wiziot.com/rotterdam/blog/preventing-sudden-range-loss-during-peak-heat-periods-across-the-uae,2026-08-22
https://www.wiziot.com/krakow/blog/capacitive-sensors-that-ignore-temperature-drift-in-extreme-heat,2026-08-22
https://www.wiziot.com/constanta/blog/thermal-management-roi-calculations-for-gcc-electric-fleet-conversions,2026-08-22
https://www.wiziot.com/casablanca/blog/container-location-accuracy-during-long-dwell-at-indonesian-ports,2026-08-22
https://www.wiziot.com/rotterdam/blog/preventing-fuel-losses-during-long-queues-at-nigerian-depot-gates,2026-08-22
https://www.wiziot.com/kuala-lumpur/blog/preventing-cargo-loss-during-temporary-signal-blackouts-on-ten-t-corridors,2026-08-22
https://www.wiziot.com/krakow/blog/predictive-alerts-that-address-causeway-delays-chassis-misplacement-and-equipmen,2026-08-22
https://www.wiziot.com/kuala-lumpur/blog/immobilizer-logic-that-respects-eu-driver-safety-and-legal-requirements,2026-08-22
https://www.wiziot.com/hamburg/blog/insurance-premium-reduction-case-studies-from-video-telematics-adoption,2026-08-22
https://www.wiziot.com/krakow/blog/atex-certified-emergency-immobilization-for-compromised-petroleum-vehicles,2026-08-22
https://www.wiziot.com/krakow/blog/intrinsically-safe-panic-buttons-and-emergency-alerts-for-tanker-drivers,2026-08-22
https://www.wiziot.com/constanta/blog/instant-alerts-for-unauthorized-chassis-movement-at-australian-intermodal-termin,2026-08-22
https://www.wiziot.com/cairo/blog/real-time-geofence-breach-alerts-combined-with-jammer-detection,2026-08-22
https://www.wiziot.com/barcelona/blog/vibration-and-shock-logging-that-supports-warranty-and-maintenance-claims,2026-08-22
https://www.wiziot.com/sao-paulo/blog/cross-border-compliance-data-packages-ready-for-singapore-and-malaysian-authorit,2026-08-22
https://www.wiziot.com/constanta/blog/bogota-mountain-highway-heavy-haulage-telematics,2026-08-22
https://www.wiziot.com/krakow/blog/atex-zone-0-petroleum-tanker-safety-systems-that-exceed-oil-company-standards,2026-08-22
https://www.wiziot.com/barcelona/blog/preventing-static-build-up-risks-during-high-speed-desert-tanker-operations,2026-08-22
https://www.wiziot.com/rotterdam/blog/digital-tachograph-data-integrity-that-survives-cross-border-ten-t-transits,2026-08-22
https://www.wiziot.com/barcelona/blog/micro-sleep-detection-accuracy-validated-in-real-fleet-trials,2026-08-22
https://www.wiziot.com/rotterdam/blog/preventing-organized-theft-rings-operating-between-brazilian-states,2026-08-22
https://www.wiziot.com/sao-paulo/blog/preventing-sudden-range-loss-during-peak-heat-periods-across-the-uae,2026-08-22
https://www.wiziot.com/constanta/blog/real-time-queue-length-prediction-at-woodlands-and-tuas-checkpoints,2026-08-22
https://www.wiziot.com/kuala-lumpur/blog/fuel-theft-reduction-roi-calculator-commercial-fleets,2026-08-22
https://www.wiziot.com/hamburg/blog/regulatory-reporting-packages-ready-for-uae-and-saudi-oil-authority-audits,2026-08-22
https://www.wiziot.com/krakow/blog/gps-jammer-detection-mexican-highways-cargo-theft,2026-08-22
https://www.wiziot.com/krakow/blog/digital-tachograph-data-security-that-meets-strict-eu-privacy-and-integrity-rule,2026-08-22
https://www.wiziot.com/constanta/blog/how-nigerian-security-heads-coordinated-rapid-response-with-live-telematics,2026-08-22
https://www.wiziot.com/constanta/blog/covert-secondary-trackers-that-activate-automatically-during-signal-loss,2026-08-22
https://www.wiziot.com/johor-bahru/blog/gps-signal-integrity-monitoring-on-high-risk-romanian-and-hungarian-corridors,2026-08-22
https://www.wiziot.com/casablanca/blog/preventing-thermal-events-during-peak-afternoon-charging-in-the-uae,2026-08-22
https://www.wiziot.com/krakow/blog/engine-idle-reduction-telematics-fuel-saving-calculator,2026-08-22
https://www.wiziot.com/barcelona/blog/how-singapore-malaysia-operators-unified-cross-border-and-intermodal-data-stream,2026-08-22
https://www.wiziot.com/krakow/blog/combining-ble-and-gps-for-accurate-last-mile-chassis-delivery-visibility,2026-08-22
https://www.wiziot.com/krakow/blog/capacitive-fuel-sensors-that-expose-driver-siphoning-schemes-in-south-african-fl,2026-08-22
https://www.wiziot.com/barcelona/blog/covert-gps-units-with-extended-battery-life-for-mexican-high-value-loads,2026-08-22
https://www.wiziot.com/barcelona/blog/full-visibility-continuity-solutions-for-high-value-loads-crossing-multiple-bord,2026-08-22
https://www.wiziot.com/rotterdam/blog/rf-interference-detection-cellular-fallback-telematics,2026-08-22
https://www.wiziot.com/krakow/blog/fuel-card-fraud-vs-iot-sensor-reconciliation,2026-08-22
https://www.wiziot.com/kuala-lumpur/blog/ble-wireless-temperature-sensors-vs-wired-probes-reefer,2026-08-22
https://www.wiziot.com/rotterdam/blog/real-time-location-of-every-chassis-inside-port-of-tanjung-priok-and-surrounding,2026-08-22
https://www.wiziot.com/rotterdam/solutions/cold-chain,2026-08-22
https://www.wiziot.com/kano/blog/long-life-ble-beacons-that-require-minimal-maintenance-in-harsh-port-environment,2026-08-22
https://www.wiziot.com/hamburg/blog/singapore-malaysia-causeway-truck-telematics-cross-border,2026-08-22
https://www.wiziot.com/hamburg/blog/preventing-container-hijacking-during-night-moves-out-of-santos-port,2026-08-22
https://www.wiziot.com/rotterdam/blog/ten-t-transit-anti-jamming-systems-that-maintain-visibility-across-poland-and-ge,2026-08-22
https://www.wiziot.com/kuala-lumpur/blog/how-romanian-fleets-unified-speed-assistance-and-hours-of-service-monitoring,2026-08-22
https://www.wiziot.com/sao-paulo/blog/digital-tachograph-data-security-that-meets-strict-eu-privacy-and-integrity-rule,2026-08-22
https://www.wiziot.com/kano/blog/real-time-tank-level-synchronization-alerts-for-colombian-dual-tank-trucks,2026-08-22
https://www.wiziot.com/cairo/blog/night-time-siphoning-hotspots-mapping-for-south-african-fleet-directors,2026-08-22
https://www.wiziot.com/cairo/blog/bogota-mountain-highway-heavy-haulage-telematics,2026-08-22
https://www.wiziot.com/krakow/blog/preventing-container-hijacking-during-night-moves-out-of-santos-port,2026-08-22
https://www.wiziot.com/kuala-lumpur/blog/continuous-hazardous-area-tracking-for-petroleum-fleets-across-the-uae,2026-08-22
https://www.wiziot.com/kuala-lumpur/blog/how-drivers-try-to-bypass-fuel-sensors-and-how-to-stop-them,2026-08-22
https://www.wiziot.com/kuala-lumpur/blog/anti-jamming-systems-designed-for-nigerian-highway-bandit-hotspots,2026-08-22
https://www.wiziot.com/constanta/blog/real-time-tanker-location-and-status-visibility-inside-saudi-refinery-perimeters,2026-08-22
https://www.wiziot.com/barcelona/blog/thermal-runaway-containment-protocols-integrated-with-fleet-command-centers,2026-08-22
https://www.wiziot.com/cairo/blog/satellite-cellular-hybrid-fleet-tracking-remote-areas,2026-08-22
https://www.wiziot.com/rotterdam/blog/reefer-door-open-alerts-that-prevent-temperature-spikes,2026-08-22
https://www.wiziot.com/barcelona/blog/preventing-demurrage-and-detention-from-misplaced-chassis-in-malaysian-ports,2026-08-22
https://www.wiziot.com/barcelona/blog/full-operational-dashboards-covering-cross-border-transit-mining-and-intermodal-,2026-08-22
https://www.wiziot.com/barcelona/blog/how-singapore-intermodal-operators-reduced-search-time-for-available-chassis,2026-08-22
https://www.wiziot.com/constanta/blog/best-telematics-for-rough-roads-africa-trucks,2026-08-22
https://www.wiziot.com/kuala-lumpur/blog/monitoring-gear-hours-and-fuel-burn-on-excavators-in-extreme-dust-environments,2026-08-22
https://www.wiziot.com/casablanca/blog/ip69k-rugged-telemetry-mining-dump-trucks-indonesia,2026-08-22
https://www.wiziot.com/kano/blog/continuous-visibility-maintenance-across-the-full-ten-t-core-network,2026-08-22
https://www.wiziot.com/krakow/blog/night-run-monitoring-protocols-that-stop-diesel-theft-in-colombia,2026-08-22
https://www.wiziot.com/barcelona/blog/seamless-handover-of-ble-data-between-port-and-road-transport-operators,2026-08-22
https://www.wiziot.com/hamburg/blog/dual-tank-monitoring-that-exposes-equalization-scams-in-brazilian-trucking,2026-08-22
https://www.wiziot.com/kuala-lumpur/blog/explosion-proof-telematics-that-maintain-signal-integrity-in-hazardous-zones,2026-08-22
https://www.wiziot.com/casablanca/blog/night-run-monitoring-protocols-that-stop-diesel-theft-in-colombia,2026-08-22
https://www.wiziot.com/krakow/blog/preventing-chassis-detention-charges-with-continuous-presence-detection,2026-08-22
https://www.wiziot.com/kano/blog/anti-jamming-covert-tracker-combination-that-stopped-repeated-hijackings,2026-08-22
https://www.wiziot.com/kuala-lumpur/blog/uninterrupted-tracking-for-time-sensitive-cargo-moving-across-the-causeway-daily,2026-08-22
https://www.wiziot.com/barcelona/blog/speed-restricted-mode-that-limits-escape-options-for-hijackers-in-nigeria,2026-08-22
https://www.wiziot.com/kuala-lumpur/blog/how-hungarian-operators-prepared-for-stricter-eu-tachograph-enforcement,2026-08-22
https://www.wiziot.com/rotterdam/blog/cross-border-tanger-med-ferry-telematics-morocco-spain,2026-08-22
https://www.wiziot.com/sao-paulo/blog/soc-and-soh-optimization-strategies-for-saudi-electric-truck-fleets-in-desert-co,2026-08-22
https://www.wiziot.com/kano/blog/speed-restricted-mode-that-limits-escape-options-for-hijackers-in-nigeria,2026-08-22
https://www.wiziot.com/kano/blog/spoilage-prevention-strategies-for-perishable-exports-from-south-african-farms,2026-08-22
https://www.wiziot.com/cairo/blog/fleet-maintenance-software-api-integration-work-orders,2026-08-22
https://www.wiziot.com/constanta/blog/predictive-maintenance-scheduling-based-on-real-time-bms-stress-metrics,2026-08-22
https://www.wiziot.com/barcelona/blog/ip69k-rugged-telemetry-for-open-pit-mining-dump-trucks-in-indonesian-coal-operat,2026-08-22
https://www.wiziot.com/sao-paulo/blog/how-malaysian-logistics-directors-improved-on-time-delivery-across-the-causeway,2026-08-22
https://www.wiziot.com/perth/blog/continuous-tank-integrity-monitoring-for-hazardous-material-transporters-in-the-,2026-08-22
https://www.wiziot.com/constanta/blog/real-time-fuel-level-drop-alerts-for-mexican-cross-border-fleet-operations,2026-08-22
https://www.wiziot.com/krakow/blog/ruggedized-can-bus-diagnostics-that-withstand-vibration-and-impact-in-open-pits,2026-08-22
https://www.wiziot.com/constanta/blog/automated-working-time-violation-alerts-before-they-trigger-fines-in-hungary,2026-08-22
https://www.wiziot.com/rotterdam/blog/fish-seafood-transport-temperature-telematics-monitoring,2026-08-22
https://www.wiziot.com/rotterdam/blog/can-bus-j1939-diagnostics-for-off-road-fleet-reliability-in-colombia,2026-08-22
https://www.wiziot.com/cairo/blog/capacitance-drift-compensation-for-accurate-readings-in-extreme-african-heat,2026-08-22
https://www.wiziot.com/kuala-lumpur/blog/reefer-solar-powered-telematics-unpowered-trailers,2026-08-22
https://www.wiziot.com/constanta/blog/combined-gsr-2024-isa-and-digital-tachograph-compliance-for-polish-operators,2026-08-22
https://www.wiziot.com/rotterdam/blog/how-abu-dhabi-logistics-heads-extended-ev-battery-warranty-coverage-with-data,2026-08-22
https://www.wiziot.com/kano/blog/gps-signal-integrity-monitoring-for-brazilian-intermodal-container-moves,2026-08-22
https://www.wiziot.com/krakow/blog/chassis-turnaround-time-analytics-across-malaysian-and-australian-terminals,2026-08-22
https://www.wiziot.com/kuala-lumpur/blog/off-road-coverage-solutions-using-satellite-backup-in-remote-australian-sites,2026-08-22
https://www.wiziot.com/barcelona/blog/anti-hijack-telematics-mexico-city-truck-highway,2026-08-22
https://www.wiziot.com/constanta/blog/how-romanian-fleets-unified-speed-assistance-and-hours-of-service-monitoring,2026-08-22
https://www.wiziot.com/sao-paulo/blog/preventing-container-tampering-during-overnight-stops-in-south-africa,2026-08-22
https://www.wiziot.com/casablanca/blog/how-capacitive-fuel-probes-stop-night-siphoning-losses-in-nigerian-diesel-fleets,2026-08-22
https://www.wiziot.com/kano/blog/multi-sim-roaming-solutions-optimized-for-asean-cross-border-hauls,2026-08-22
https://www.wiziot.com/kuala-lumpur/blog/detecting-partial-siphoning-events-before-they-accumulate-into-major-losses,2026-08-22
https://www.wiziot.com/kano/blog/atex-zone-0-sensor-accuracy-that-survives-continuous-hydrocarbon-vapor-exposure,2026-08-22
https://www.wiziot.com/rotterdam/blog/dual-tank-equalization-fraud-detection-for-colombian-cross-border-fleets,2026-08-22
https://www.wiziot.com/krakow/blog/oil-company-audit-ready-data-packages-generated-automatically-from-the-field,2026-08-22
https://www.wiziot.com/constanta/blog/preventing-demurrage-and-detention-from-misplaced-chassis-in-malaysian-ports,2026-08-22
https://www.wiziot.com/constanta/blog/optimized-device-configurations-for-mixed-singapore-malaysia-daily-operations,2026-08-22
https://www.wiziot.com/rotterdam/blog/gps-spoofing-protection-commercial-haulage-fleets,2026-08-22
https://www.wiziot.com/kano/blog/gsr-2024-isa-event-logging-that-supports-regulatory-audits-in-germany,2026-08-22
https://www.wiziot.com/hamburg/blog/intrinsically-safe-dual-ai-cameras-for-driver-monitoring-in-hazardous-zones,2026-08-22
https://www.wiziot.com/rotterdam/blog/seamless-multi-driver-card-management-for-complex-european-route-networks,2026-08-22
https://www.wiziot.com/barcelona/blog/heavy-equipment-asset-tracking-construction-excavators-cranes,2026-08-22
https://www.wiziot.com/rotterdam/blog/cold-chain-insurance-claim-telematics-data-evidence,2026-08-22
https://www.wiziot.com/barcelona/blog/pan-african-highway-telematics-infrastructure-connectivity,2026-08-22
https://www.wiziot.com/kuala-lumpur/blog/preventing-armed-robbery-of-high-value-electronics-loads-in-south-africa,2026-08-22
https://www.wiziot.com/hamburg/blog/spill-and-overfill-prevention-systems-that-meet-adnoc-safety-standards,2026-08-22
https://www.wiziot.com/barcelona/blog/night-time-siphoning-hotspots-mapping-for-south-african-fleet-directors,2026-08-22
https://www.wiziot.com/rotterdam/blog/chassis-turnaround-time-analytics-across-malaysian-and-australian-terminals,2026-08-22
https://www.wiziot.com/rotterdam/blog/thermal-management-dashboards-that-keep-gcc-ev-trucks-roadworthy-year-round,2026-08-22
https://www.wiziot.com/kano/blog/covert-trackers-with-extended-autonomy-for-prolonged-signal-loss-scenarios,2026-08-22
https://www.wiziot.com/kano/blog/intrinsically-safe-multi-sim-routers-for-continuous-connectivity-in-hazardous-ar,2026-08-22
https://www.wiziot.com/cairo/blog/seamless-data-continuity-across-german-and-polish-border-inspection-points,2026-08-22
https://www.wiziot.com/casablanca/blog/distraction-event-heatmaps-that-guide-coaching-programs,2026-08-22
https://www.wiziot.com/krakow/blog/real-time-engine-hours-and-payload-monitoring-on-ip69k-certified-dump-trucks,2026-08-22
https://www.wiziot.com/kano/blog/full-pit-to-plant-visibility-for-heavy-haul-dump-truck-operations,2026-08-22
https://www.wiziot.com/cairo/blog/how-romanian-fleets-unified-speed-assistance-and-hours-of-service-monitoring,2026-08-22
https://www.wiziot.com/sao-paulo/blog/how-driver-monitoring-systems-lowered-crash-rates-41-for-romanian-transport-oper,2026-08-22
https://www.wiziot.com/cairo/blog/intrinsic-safety-compliance-for-fuel-tanker-monitoring-in-dubai-oil-terminals,2026-08-22
https://www.wiziot.com/constanta/blog/full-historical-transit-records-for-dispute-resolution-and-customer-reporting,2026-08-22
https://www.wiziot.com/rotterdam/blog/continuous-location-integrity-for-trucks-crossing-into-singapore-from-johor-bahr,2026-08-22
https://www.wiziot.com/cairo/blog/intrinsically-safe-multi-sim-routers-for-continuous-connectivity-in-hazardous-ar,2026-08-22
https://www.wiziot.com/casablanca/blog/how-mexican-fleet-operators-recovered-stolen-fuel-with-02-accuracy-probes,2026-08-22
https://www.wiziot.com/hamburg/blog/early-detection-of-cell-swelling-and-pressure-build-up-in-desert-heat,2026-08-22
https://www.wiziot.com/cairo/blog/integrated-dashboards-showing-isa-events-alongside-tachograph-violations,2026-08-22
https://www.wiziot.com/kuala-lumpur/blog/full-audit-trail-generation-for-saudi-and-uae-oil-company-compliance-teams,2026-08-22
https://www.wiziot.com/singapore/blog/extending-ev-range-through-predictive-thermal-management-in-australia,2026-08-22
https://www.wiziot.com/krakow/blog/intrinsic-safety-compliance-for-fuel-tanker-monitoring-in-dubai-oil-terminals,2026-08-22
https://www.wiziot.com/kano/blog/hydraulic-and-engine-parameter-trending-that-predicts-component-failures,2026-08-22
https://www.wiziot.com/sao-paulo/blog/stop-fuel-theft-mining-fleets-ghana-west-africa,2026-08-22
https://www.wiziot.com/barcelona/blog/covert-tracker-battery-life-that-lasts-through-extended-hijack-attempts,2026-08-22
https://www.wiziot.com/casablanca/blog/remote-immobilize-stolen-truck-kenya-app,2026-08-22
https://www.wiziot.com/krakow/blog/iso-26262-remote-engine-immobilizer-safety,2026-08-22
https://www.wiziot.com/kuala-lumpur/blog/fuel-volume-audit-trails-ready-for-internal-investigations-in-latam-fleets,2026-08-22
https://www.wiziot.com/kuala-lumpur/blog/offline-flash-memory-buffering-telematics-dead-zones,2026-08-22
https://www.wiziot.com/cairo/blog/seamless-integration-of-ble-chassis-data-into-existing-terminal-operating-system,2026-08-22
https://www.wiziot.com/hamburg/blog/detecting-temperature-compensated-fuel-theft-in-extreme-heat-on-south-african-ro,2026-08-22
https://www.wiziot.com/sao-paulo/blog/seamless-data-continuity-across-german-and-polish-border-inspection-points,2026-08-22
https://www.wiziot.com/sao-paulo/blog/multi-layer-location-redundancy-that-survives-sustained-jamming-attacks,2026-08-22
https://www.wiziot.com/barcelona/blog/oil-company-audit-ready-data-packages-generated-automatically-from-the-field,2026-08-22
https://www.wiziot.com/barcelona/blog/bms-telemetry-that-supports-residual-value-protection,2026-08-22
https://www.wiziot.com/casablanca/blog/fake-fuel-receipts-fleet-management-nigeria-solution,2026-08-22
https://www.wiziot.com/hamburg/blog/optimizing-charging-schedules-based-on-real-time-bms-telemetry,2026-08-22
https://www.wiziot.com/rotterdam/blog/multi-layer-anti-jamming-for-apapa-port-container-movements,2026-08-22
https://www.wiziot.com/kuala-lumpur/blog/relative-humidity-monitoring-fresh-produce-logistics,2026-08-22
https://www.wiziot.com/hamburg/blog/heavy-equipment-asset-tracking-construction-excavators-cranes,2026-08-22
https://www.wiziot.com/hamburg/blog/continuous-isa-event-recording-that-supports-insurance-and-compliance-claims,2026-08-22
https://www.wiziot.com/kuala-lumpur/blog/stop-night-diesel-siphoning-lagos-ibadan-expressway,2026-08-22
https://www.wiziot.com/rotterdam/blog/how-colombian-operators-cut-monthly-fuel-shrinkage-by-28-with-probe-integration,2026-08-22
https://www.wiziot.com/krakow/blog/how-german-security-teams-coordinated-rapid-response-to-confirmed-jamming,2026-08-22
https://www.wiziot.com/krakow/blog/adas-integration-that-meets-2024-gsr-intelligent-speed-assistance-rules,2026-08-22
https://www.wiziot.com/rotterdam/blog/how-mine-operators-in-indonesia-reduced-mean-time-to-repair-with-live-data,2026-08-22
https://www.wiziot.com/casablanca/blog/capacitive-probe-accuracy-that-survives-extreme-heat-and-dust-in-northern-nigeri,2026-08-22
https://www.wiziot.com/casablanca/blog/real-time-alerts-that-address-speed-hours-and-signal-integrity-simultaneously,2026-08-22
https://www.wiziot.com/constanta/blog/remote-immobilize-stolen-truck-kenya-app,2026-08-22
https://www.wiziot.com/barcelona/blog/full-pit-to-plant-visibility-for-heavy-haul-dump-truck-operations,2026-08-22
https://www.wiziot.com/constanta/blog/continuous-ten-t-anti-jamming-protection-for-german-long-distance-haulers,2026-08-22
https://www.wiziot.com/sao-paulo/blog/capacitive-fuel-sensors-that-expose-driver-siphoning-schemes-in-south-african-fl,2026-08-22
https://www.wiziot.com/krakow/blog/full-regulatory-package-generation-for-digital-tachograph-and-gsr-audits,2026-08-22
https://www.wiziot.com/kano/blog/atex-zone-0-fuel-level-probes-for-accurate-inventory-on-petroleum-tankers,2026-08-22
https://www.wiziot.com/constanta/blog/spill-and-overfill-prevention-systems-that-meet-adnoc-safety-standards,2026-08-22
https://www.wiziot.com/constanta/blog/multi-carrier-esim-vs-nano-sim-commercial-fleets,2026-08-22
https://www.wiziot.com/cairo/blog/distraction-event-heatmaps-that-guide-coaching-programs,2026-08-22
https://www.wiziot.com/constanta/blog/combining-ble-and-gps-for-accurate-last-mile-chassis-delivery-visibility,2026-08-22
https://www.wiziot.com/krakow/blog/multi-layer-anti-jamming-that-maintains-both-primary-and-secondary-tracking,2026-08-22
https://www.wiziot.com/sao-paulo/blog/detecting-fake-fuel-receipts-before-they-drain-your-latam-transport-budget,2026-08-22
https://www.wiziot.com/cairo/blog/ev-fleet-battery-management-system-bms-uae-gcc,2026-08-22
https://www.wiziot.com/barcelona/blog/preventing-chassis-detention-charges-with-continuous-presence-detection,2026-08-22
https://www.wiziot.com/barcelona/blog/predictive-alerts-that-prevent-catastrophic-hydraulic-failures,2026-08-22
https://www.wiziot.com/constanta/blog/capacitance-data-export-ready-for-police-and-insurance-investigations,2026-08-22
https://www.wiziot.com/sao-paulo/blog/jammer-detection-that-differentiates-between-temporary-and-sustained-blocking,2026-08-22
https://www.wiziot.com/kuala-lumpur/blog/prevent-diesel-theft-construction-machinery-uae-egypt,2026-08-22
https://www.wiziot.com/rotterdam/blog/gps-tracker-stops-working-at-border-romania-ukraine,2026-08-22
https://www.wiziot.com/kano/blog/chassis-utilization-analytics-that-improve-asset-turnover-across-australia,2026-08-22
https://www.wiziot.com/casablanca/blog/reefer-alarm-not-working-food-spoiled-south-africa,2026-08-22
https://www.wiziot.com/johor-bahru/blog/real-time-overfill-and-spill-prevention-systems-for-atex-zone-0-environments,2026-08-22
https://www.wiziot.com/barcelona/blog/digital-tachograph-data-integrity-that-survives-cross-border-ten-t-transits,2026-08-22
https://www.wiziot.com/kano/blog/tachograph-analysis-tools-that-identify-fatigue-risk-patterns-in-spanish-fleets,2026-08-22
https://www.wiziot.com/casablanca/blog/relative-humidity-monitoring-fresh-produce-logistics,2026-08-22
https://www.wiziot.com/casablanca/blog/ble-chassis-tracking-density-that-scales-across-large-indonesian-port-yards,2026-08-22
https://www.wiziot.com/rotterdam/blog/preventing-demurrage-and-detention-from-misplaced-chassis-in-malaysian-ports,2026-08-22
https://www.wiziot.com/kano/blog/real-time-vapor-pressure-and-temperature-monitoring-for-saudi-oil-haulers,2026-08-22
https://www.wiziot.com/constanta/blog/atex-zone-0-sensor-accuracy-that-survives-continuous-hydrocarbon-vapor-exposure,2026-08-22
https://www.wiziot.com/constanta/blog/remote-tachograph-download-solutions-compliant-with-eu-regulations-in-poland,2026-08-22
https://www.wiziot.com/kano/blog/door-open-sensor-cold-chain-leak-prevention,2026-08-22
https://www.wiziot.com/barcelona/blog/instant-location-updates-when-chassis-move-between-port-and-inland-depots,2026-08-22
https://www.wiziot.com/krakow/blog/real-time-thermal-runaway-risk-scoring-for-high-utilization-uae-electric-trucks,2026-08-22
https://www.wiziot.com/rotterdam/blog/extending-ev-range-through-predictive-thermal-management-in-australia,2026-08-22
https://www.wiziot.com/krakow/blog/continuous-telemetry-through-areas-with-zero-cellular-coverage-in-remote-pits,2026-08-22
https://www.wiziot.com/hamburg/blog/how-colombian-operators-cut-monthly-fuel-shrinkage-by-28-with-probe-integration,2026-08-22
https://www.wiziot.com/hamburg/blog/atex-zone-0-petroleum-tanker-fuel-telematics,2026-08-22
https://www.wiziot.com/kano/blog/real-time-rest-opportunity-recommendations-based-on-live-tachograph-status,2026-08-22
https://www.wiziot.com/hamburg/blog/thermal-runaway-prevention-through-multi-layer-cell-temperature-monitoring,2026-08-22
https://www.wiziot.com/kano/blog/preventing-diesel-theft-on-the-mombasa-corridor-with-real-time-capacitance-alert,2026-08-22
https://www.wiziot.com/casablanca/blog/preventing-spill-and-ignition-incidents-during-night-operations-in-saudi-arabia,2026-08-22
https://www.wiziot.com/hamburg/blog/continuous-ultra-low-temperature-monitoring-for-dry-ice-pharma-shipments-across-,2026-08-22
https://www.wiziot.com/casablanca/blog/fuel-theft-reduction-roi-calculator-commercial-fleets,2026-08-22
https://www.wiziot.com/casablanca/blog/how-abu-dhabi-logistics-heads-extended-ev-battery-warranty-coverage-with-data,2026-08-22
https://www.wiziot.com/kuala-lumpur/blog/preventing-fuel-losses-during-long-queues-at-nigerian-depot-gates,2026-08-22
https://www.wiziot.com/sao-paulo/blog/spoilage-prevention-strategies-for-perishable-exports-from-south-african-farms,2026-08-22
https://www.wiziot.com/krakow/blog/extreme-heat-battery-degradation-patterns-observed-across-dubai-ev-fleets,2026-08-22
https://www.wiziot.com/hamburg/blog/explosion-proof-fuel-level-and-temperature-monitoring-for-critical-hauls,2026-08-22
https://www.wiziot.com/casablanca/solutions/ev-fleets,2026-08-22
https://www.wiziot.com/sao-paulo,2026-08-22
https://www.wiziot.com/barcelona/blog/predictive-thermal-runaway-models-tuned-for-gcc-desert-operating-conditions,2026-08-22
https://www.wiziot.com/kuala-lumpur/blog/how-mexican-operators-closed-the-gap-between-dispensed-and-actual-fuel,2026-08-22
https://www.wiziot.com/kano/blog/audit-ready-tachograph-reports-generated-automatically-for-eu-authority-checks,2026-08-22
https://www.wiziot.com/barcelona/blog/night-run-monitoring-protocols-that-stop-diesel-theft-in-colombia,2026-08-22
https://www.wiziot.com/kano/blog/fuel-theft-hotspot-analytics-for-fleet-directors-operating-in-kenya,2026-08-22
https://www.wiziot.com/barcelona/solutions/healthcare,2026-08-22
https://www.wiziot.com/constanta/blog/explosion-proof-hardware-lifecycle-management-for-long-term-oil-company-contract,2026-08-22
https://www.wiziot.com/barcelona/blog/preventing-diesel-theft-on-mombasa-nairobi-corridor-night-runs,2026-08-22
https://www.wiziot.com/rotterdam/blog/predictive-alerts-that-address-causeway-delays-chassis-misplacement-and-equipmen,2026-08-22
https://www.wiziot.com/sao-paulo/blog/extreme-ambient-temperature-compensation-for-accurate-soc-readings-in-qatar-and-,2026-08-22
https://www.wiziot.com/sao-paulo/blog/who-gdp-compliant-monitoring-for-temperature-sensitive-cargo-on-ten-t-routes,2026-08-22
https://www.wiziot.com/krakow/blog/residual-value-protection-through-continuous-soh-documentation-in-the-middle-eas,2026-08-22
https://www.wiziot.com/kuala-lumpur/blog/off-road-telemetry-that-works-without-cellular-coverage-in-remote-pits,2026-08-22
https://www.wiziot.com/sao-paulo/blog/how-indonesian-mine-operators-cut-unplanned-downtime-with-ruggedized-sensors,2026-08-22
https://www.wiziot.com/rotterdam/blog/fuel-siphoning-pattern-recognition-across-multiple-vehicles-in-one-fleet,2026-08-22
https://www.wiziot.com/krakow/blog/ip69k-sealed-units-that-survive-monsoon-conditions-in-indonesian-open-pit-mines,2026-08-22
https://www.wiziot.com/casablanca/blog/how-romanian-fleets-unified-speed-assistance-and-hours-of-service-monitoring,2026-08-22
https://www.wiziot.com/kano/blog/preventing-spill-and-ignition-incidents-during-night-operations-in-saudi-arabia,2026-08-22
https://www.wiziot.com/hamburg/blog/ip69k-rugged-telemetry-for-open-pit-mining-dump-trucks-in-indonesian-coal-operat,2026-08-22
https://www.wiziot.com/casablanca/blog/instant-location-updates-when-chassis-move-between-port-and-inland-depots,2026-08-22
https://www.wiziot.com/constanta/blog/monitoring-gear-hours-and-fuel-burn-on-excavators-in-extreme-dust-environments,2026-08-22
https://www.wiziot.com/casablanca/blog/reducing-lost-or-misplaced-chassis-costs-in-high-volume-asean-operations,2026-08-22
https://www.wiziot.com/casablanca/blog/intermodal-chassis-ble-tracking-that-scales-to-thousands-of-units-across-asean-p,2026-08-22
https://www.wiziot.com/rotterdam/blog/offline-flash-memory-buffering-telematics-dead-zones,2026-08-22
https://www.wiziot.com/bogota/blog/preventing-organized-theft-rings-operating-between-brazilian-states,2026-08-22
https://www.wiziot.com/hamburg/blog/continuous-asset-visibility-from-indonesian-mines-to-singapore-export-gateways,2026-08-22
https://www.wiziot.com/krakow/blog/night-curfew-geofencing-stolen-vehicle-prevention,2026-08-22
https://www.wiziot.com/krakow/blog/battery-pack-health-dashboards-for-fleet-directors,2026-08-22
https://www.wiziot.com/rotterdam/blog/stop-driver-diesel-siphoning-night-kenya-trucks,2026-08-22
https://www.wiziot.com/sao-paulo/blog/how-eastern-and-western-european-fleet-directors-combined-isa-tachographs-and-an,2026-08-22
https://www.wiziot.com/kano/blog/real-time-cargo-location-continuity-across-kenyan-high-risk-corridors,2026-08-22
https://www.wiziot.com/barcelona/blog/highway-bandit-early-warning-systems-for-kenyan-long-haul-operators,2026-08-22
https://www.wiziot.com/krakow/blog/full-equipment-utilization-dashboards-for-open-pit-fleet-superintendents,2026-08-22
https://www.wiziot.com/kano/blog/anti-jamming-hardware-ruggedized-for-african-unpaved-high-risk-roads,2026-08-22
https://www.wiziot.com/casablanca/blog/how-spanish-operators-integrated-isa-with-existing-fleet-management-platforms,2026-08-22
https://www.wiziot.com/sao-paulo/blog/preventing-spill-and-ignition-incidents-during-night-operations-in-saudi-arabia,2026-08-22
https://www.wiziot.com/casablanca/blog/combining-ble-and-gps-for-accurate-last-mile-chassis-delivery-visibility,2026-08-22
https://www.wiziot.com/krakow/blog/real-time-jammer-detection-latency-under-10-seconds-for-critical-european-loads,2026-08-22
https://www.wiziot.com/cairo/blog/prevent-diesel-theft-construction-machinery-uae-egypt,2026-08-22
https://www.wiziot.com/hamburg/blog/ai-powered-fatigue-scoring-that-flags-high-risk-drivers-before-departure,2026-08-22
https://www.wiziot.com/casablanca/blog/hydraulic-pressure-trends-that-predict-seal-failures,2026-08-22
https://www.wiziot.com/constanta/blog/real-time-visibility-for-high-volume-container-moves-on-the-second-link-causeway,2026-08-22
https://www.wiziot.com/barcelona/blog/uninterrupted-tracking-for-time-sensitive-cargo-moving-across-the-causeway-daily,2026-08-22
https://www.wiziot.com/sao-paulo/blog/fuel-theft-reduction-roi-calculator-commercial-fleets,2026-08-22
https://www.wiziot.com/sao-paulo/blog/how-abu-dhabi-operators-extended-battery-cycle-life-by-22-with-active-cooling-al,2026-08-22
https://www.wiziot.com/sao-paulo/blog/real-time-speed-limit-change-detection-on-dynamic-ten-t-sections,2026-08-22
https://www.wiziot.com/kano/blog/preventing-thermal-events-during-peak-afternoon-charging-in-the-uae,2026-08-22
https://www.wiziot.com/rotterdam/blog/anti-jamming-systems-designed-for-nigerian-highway-bandit-hotspots,2026-08-22
https://www.wiziot.com/kuala-lumpur/blog/preventing-organized-theft-rings-operating-between-brazilian-states,2026-08-22
https://www.wiziot.com/sao-paulo/blog/real-time-vapor-pressure-and-temperature-monitoring-for-saudi-oil-haulers,2026-08-22
https://www.wiziot.com/kuala-lumpur/blog/capacitive-sensors-that-detect-both-full-and-partial-tank-siphoning-events,2026-08-22
https://www.wiziot.com/cairo/blog/explosion-proof-fuel-level-and-temperature-monitoring-for-critical-hauls,2026-08-22
https://www.wiziot.com/barcelona/blog/long-range-ble-performance-validated-in-dense-metal-container-environments,2026-08-22
https://www.wiziot.com/casablanca/blog/explosion-proof-fuel-level-and-temperature-monitoring-for-critical-hauls,2026-08-22
https://www.wiziot.com/sao-paulo/blog/predictive-alerts-that-prevent-catastrophic-hydraulic-failures,2026-08-22
https://www.wiziot.com/rotterdam/blog/spoilage-prevention-strategies-for-perishable-exports-from-south-african-farms,2026-08-22
https://www.wiziot.com/kano/blog/ev-battery-thermal-runaway-case-studies-from-extreme-gcc-summer-operations,2026-08-22
https://www.wiziot.com/hamburg/blog/real-time-driver-availability-forecasting-using-connected-tachograph-feeds,2026-08-22
https://www.wiziot.com/barcelona/blog/predictive-engine-maintenance-telematics-dtc-error-codes,2026-08-22
https://www.wiziot.com/barcelona/blog/how-drivers-try-to-bypass-fuel-sensors-and-how-to-stop-them,2026-08-22
https://www.wiziot.com/casablanca/blog/covert-trackers-that-survive-signal-blocking-on-brazilian-br-116-and-br-101,2026-08-22
https://www.wiziot.com/kano/blog/multi-device-tracking-redundancy-for-high-value-loads-on-brazilian-highways,2026-08-22
https://www.wiziot.com/krakow/blog/preventing-driver-collusion-with-station-attendants-across-mexican-routes,2026-08-22
https://www.wiziot.com/rotterdam/blog/how-pharma-fleets-in-saudi-arabia-avoid-temperature-excursions-in-extreme-heat,2026-08-22
https://www.wiziot.com/kuala-lumpur/blog/real-time-jammer-alerts-that-reduced-cargo-losses-67-for-south-african-fleets,2026-08-22
https://www.wiziot.com/barcelona/blog/cross-border-roaming-that-maintains-signal-from-poland-to-germany,2026-08-22
https://www.wiziot.com/krakow/blog/cross-border-compliance-data-packages-ready-for-singapore-and-malaysian-authorit,2026-08-22
https://www.wiziot.com/krakow/blog/seamless-multi-sim-roaming-for-cross-border-trips-through-mombasa-and-nairobi,2026-08-22
https://www.wiziot.com/barcelona/blog/spoilage-prevention-strategies-for-perishable-exports-from-south-african-farms,2026-08-22
https://www.wiziot.com/casablanca/blog/ai-powered-fatigue-scoring-that-flags-high-risk-drivers-before-departure,2026-08-22
https://www.wiziot.com/casablanca/blog/ip67-sealed-units-that-survive-high-pressure-washdowns-on-mining-sites,2026-08-22
https://www.wiziot.com/kuala-lumpur/blog/bogota-mountain-highway-heavy-haulage-telematics,2026-08-22
https://www.wiziot.com/kano/blog/preventing-over-speed-fines-through-predictive-isa-alerts-on-polish-highways,2026-08-22
https://www.wiziot.com/sao-paulo/blog/fuel-receipt-fraud-detection-workflows-for-kenyan-fleet-account-teams,2026-08-22
https://www.wiziot.com/constanta/blog/remote-download-reliability-across-poor-coverage-zones-on-eastern-corridors,2026-08-22
https://www.wiziot.com/sao-paulo/blog/multi-sim-roaming-cost-control-strategies-for-high-frequency-causeway-operators,2026-08-22
https://www.wiziot.com/constanta/blog/full-regulatory-package-generation-for-digital-tachograph-and-gsr-audits,2026-08-22
https://www.wiziot.com/casablanca/blog/spill-and-overfill-prevention-systems-that-meet-adnoc-safety-standards,2026-08-22
https://www.wiziot.com/kano/blog/engine-load-and-fuel-burn-analytics-for-heavy-haul-trucks-in-australian-iron-ore,2026-08-22
https://www.wiziot.com/hamburg/blog/continuous-location-integrity-across-poland-romania-hungary-transit-lanes,2026-08-22
https://www.wiziot.com/barcelona/blog/offline-flash-memory-buffering-telematics-dead-zones,2026-08-22
https://www.wiziot.com/sao-paulo/blog/reefer-alarm-not-working-food-spoiled-south-africa,2026-08-22
https://www.wiziot.com/rotterdam/blog/seamless-handover-of-ble-data-between-port-and-road-transport-operators,2026-08-22
https://www.wiziot.com/kano/blog/mining-dump-truck-telematics-payload-tire-pressure-monitoring,2026-08-22
https://www.wiziot.com/rotterdam/blog/ultra-low-temp-dry-ice-pharma-telematics-80c,2026-08-22
https://www.wiziot.com/rotterdam/blog/real-time-thermal-runaway-risk-scoring-for-high-utilization-uae-electric-trucks,2026-08-22
https://www.wiziot.com/casablanca/blog/covert-trackers-with-extended-autonomy-for-prolonged-signal-loss-scenarios,2026-08-22
https://www.wiziot.com/sao-paulo/blog/soh-degradation-curves-specific-to-gcc-summer-operating-profiles,2026-08-22
https://www.wiziot.com/sao-paulo/blog/audit-ready-tachograph-reports-generated-automatically-for-eu-authority-checks,2026-08-22
https://www.wiziot.com/barcelona/blog/isa-system-accuracy-validation-on-complex-urban-and-highway-mixes-in-poland,2026-08-22
https://www.wiziot.com/constanta/blog/hydraulic-and-engine-parameter-trending-that-predicts-component-failures,2026-08-22
https://www.wiziot.com/casablanca/blog/detecting-partial-siphoning-events-before-they-accumulate-into-major-losses,2026-08-22
https://www.wiziot.com/constanta/blog/reefer-fuel-level-monitoring-generator-failure,2026-08-22
https://www.wiziot.com/kano/blog/soh-degradation-curves-specific-to-gcc-summer-operating-profiles,2026-08-22
https://www.wiziot.com/krakow/blog/preventing-container-tampering-during-port-dwell-times-in-malaysia,2026-08-22
https://www.wiziot.com/casablanca/blog/reefer-predictive-maintenance-compressor-failure-telematics,2026-08-22
https://www.wiziot.com/barcelona/blog/safe-remote-engine-cut-off-protocols-commercial-trucks,2026-08-22
https://www.wiziot.com/krakow/blog/preventing-delays-from-incomplete-location-data-during-peak-causeway-hours,2026-08-22
https://www.wiziot.com/rotterdam/blog/ruggedized-hardware-surviving-ip69k-wash-and-dust-in-open-pits,2026-08-22
https://www.wiziot.com/kuala-lumpur/blog/real-time-volume-discrepancy-alerts-for-colombian-long-haul-diesel-trucks,2026-08-22
https://www.wiziot.com/kano/blog/gps-signal-lost-suddenly-trucks-poland-cargo-theft,2026-08-22
https://www.wiziot.com/sao-paulo/blog/how-mexican-operators-closed-the-gap-between-dispensed-and-actual-fuel,2026-08-22
https://www.wiziot.com/casablanca/blog/end-to-end-causeway-visibility-that-supports-just-in-time-manufacturing-supply-c,2026-08-22
https://www.wiziot.com/barcelona/blog/immobilizer-logic-that-respects-eu-driver-safety-and-legal-requirements,2026-08-22
https://www.wiziot.com/barcelona/blog/how-gps-jammer-detection-prevents-cargo-hijacking-on-mexican-highways,2026-08-22
https://www.wiziot.com/rotterdam/solutions/industrial-iot,2026-08-22
https://www.wiziot.com/sao-paulo/blog/preventing-unauthorized-access-and-tampering-on-high-value-petroleum-loads,2026-08-22
https://www.wiziot.com/kano/blog/extreme-heat-ev-battery-performance-benchmarks-from-real-dubai-fleet-data,2026-08-22
https://www.wiziot.com/kano/solutions/industrial-iot,2026-08-22
https://www.wiziot.com/kano/blog/speed-limiting-that-restricts-vehicle-movement-only-during-confirmed-signal-loss,2026-08-22
https://www.wiziot.com/cairo/blog/dms-driver-fatigue-monitoring-camera-telematics,2026-08-22
https://www.wiziot.com/barcelona/blog/how-indonesian-mine-operators-cut-unplanned-downtime-with-ruggedized-sensors,2026-08-22
https://www.wiziot.com/kano/blog/how-brazilian-fleets-used-probe-data-to-recover-stolen-fuel-value,2026-08-22
https://www.wiziot.com/hamburg/blog/seamless-integration-of-ble-chassis-data-into-existing-terminal-operating-system,2026-08-22
https://www.wiziot.com/rotterdam/blog/continuous-hazardous-area-tracking-for-petroleum-fleets-across-the-uae,2026-08-22
https://www.wiziot.com/hamburg/blog/hydraulic-and-engine-parameter-trending-that-predicts-component-failures,2026-08-22
https://www.wiziot.com/casablanca/blog/how-dubai-terminal-operators-achieved-full-atex-compliance-with-certified-hardwa,2026-08-22
https://www.wiziot.com/sao-paulo/blog/off-road-telemetry-that-works-without-cellular-coverage-in-remote-pits,2026-08-22
https://www.wiziot.com/rotterdam/solutions/telematics,2026-08-22
https://www.wiziot.com/barcelona/blog/optimizing-charging-schedules-based-on-real-time-bms-telemetry,2026-08-22
https://www.wiziot.com/kano/blog/predictive-maintenance-scheduling-based-on-real-time-bms-stress-metrics,2026-08-22
https://www.wiziot.com/krakow/blog/speed-limiting-that-activates-only-after-confirmed-signal-loss,2026-08-22
https://www.wiziot.com/barcelona/blog/real-time-border-crossing-duration-tracking-for-service-level-agreement-manageme,2026-08-22
https://www.wiziot.com/kano/blog/causeway-transit-time-analytics-that-help-singapore-fleet-managers-optimize-sche,2026-08-22
https://www.wiziot.com/hamburg/blog/micro-sleep-detection-accuracy-validated-in-real-fleet-trials,2026-08-22
https://www.wiziot.com/rotterdam/blog/capacitance-data-export-ready-for-police-and-insurance-investigations,2026-08-22
https://www.wiziot.com/constanta/blog/night-curfew-geofencing-stolen-vehicle-prevention,2026-08-22
https://www.wiziot.com/krakow/blog/preventing-driver-hours-violations-with-real-time-digital-tachograph-alerts,2026-08-22
https://www.wiziot.com/krakow/blog/eu-gsr-2024-intelligent-speed-assistance-isa,2026-08-22
https://www.wiziot.com/kuala-lumpur/blog/how-malaysian-operators-maintained-visibility-during-causeway-peak-hour-congesti,2026-08-22
https://www.wiziot.com/constanta/blog/seamless-chassis-visibility-from-port-gate-to-inland-depot-across-asean,2026-08-22
https://www.wiziot.com/krakow/blog/real-time-compliance-dashboards-for-adnoc-aramco-and-uae-regulatory-teams,2026-08-22
https://www.wiziot.com/hamburg/blog/real-time-speed-limit-recognition-accuracy-tested-on-spanish-ten-t-corridors,2026-08-22
https://www.wiziot.com/krakow/blog/satellite-cellular-hybrid-connectivity-for-truly-remote-australian-mining-sites,2026-08-22
https://www.wiziot.com/sao-paulo/blog/continuous-asset-visibility-from-indonesian-mines-to-singapore-export-gateways,2026-08-22
https://www.wiziot.com/rotterdam/blog/how-saudi-petroleum-haulers-met-strict-aramco-telematics-mandates,2026-08-22
https://www.wiziot.com/constanta/blog/ruggedized-can-bus-diagnostics-that-withstand-vibration-and-impact-in-open-pits,2026-08-22
https://www.wiziot.com/rotterdam/blog/real-time-overfill-protection-that-integrates-with-terminal-loading-systems,2026-08-22
https://www.wiziot.com/krakow/blog/reefer-fuel-level-monitoring-generator-failure,2026-08-22
https://www.wiziot.com/kano/blog/continuous-tracking-continuity-across-kenyan-border-crossings,2026-08-22
https://www.wiziot.com/barcelona/blog/off-road-coverage-solutions-using-satellite-backup-in-remote-australian-sites,2026-08-22
https://www.wiziot.com/kano/blog/panic-button-immobilizer-integration-for-immediate-threat-response,2026-08-22
https://www.wiziot.com/rotterdam/blog/air-cargo-to-road-cold-chain-handover-monitoring,2026-08-22
https://www.wiziot.com/constanta/blog/real-time-location-continuity-during-signal-attacks-on-colombian-routes,2026-08-22
https://www.wiziot.com/kuala-lumpur/solutions/school-transport,2026-08-22
https://www.wiziot.com/sao-paulo/blog/continuous-visibility-maintenance-across-the-full-ten-t-core-network,2026-08-22
https://www.wiziot.com/constanta/blog/pharma-cold-chain-excursion-reports-ready-for-regulatory-audits,2026-08-22
https://www.wiziot.com/sao-paulo/blog/covert-secondary-trackers-that-activate-during-jamming-on-spanish-ten-t-routes,2026-08-22
https://www.wiziot.com/casablanca/blog/who-gdp-temperature-mapping-vaccine-reefers-africa,2026-08-22
https://www.wiziot.com/rotterdam/blog/capacitive-probe-accuracy-that-survives-extreme-heat-and-dust-in-northern-nigeri,2026-08-22
https://www.wiziot.com/casablanca/blog/multi-country-roaming-sim-cost-optimization-logistics,2026-08-22
https://www.wiziot.com/sao-paulo/blog/covert-trackers-that-survive-signal-blocking-in-eastern-european-transit-corrido,2026-08-22
https://www.wiziot.com/hamburg/blog/multi-zone-reefer-temperature-telematics-frozen-chilled,2026-08-22
https://www.wiziot.com/sao-paulo/blog/gps-jammer-detection-mexican-highways-cargo-theft,2026-08-22
https://www.wiziot.com/sao-paulo/blog/battery-health-analytics-that-support-residual-value-protection-in-abu-dhabi,2026-08-22
https://www.wiziot.com/sao-paulo/blog/how-malaysian-fleet-directors-eliminated-blind-spots-on-causeway-transit-routes,2026-08-22
https://www.wiziot.com/cairo/blog/remote-download-reliability-across-poor-coverage-zones-on-eastern-corridors,2026-08-22
https://www.wiziot.com/barcelona/blog/achieving-eu-gsr-2024-compliance-with-integrated-adas-collision-warnings,2026-08-22
https://www.wiziot.com/krakow/blog/how-malaysian-logistics-directors-improved-on-time-delivery-across-the-causeway,2026-08-22
https://www.wiziot.com/hamburg/blog/real-time-vapor-pressure-and-temperature-monitoring-for-saudi-oil-haulers,2026-08-22
https://www.wiziot.com/sao-paulo/blog/speed-restricted-immobilization-protocols-compliant-with-eu-safety-rules,2026-08-22
https://www.wiziot.com/kano/blog/continuous-location-continuity-across-multi-country-ten-t-segments-despite-signa,2026-08-22
https://www.wiziot.com/hamburg/blog/how-spanish-operators-cut-administrative-time-spent-on-tachograph-analysis,2026-08-22
https://www.wiziot.com/constanta/blog/driver-fatigue-risk-scores-integrated-into-dispatch-decisioning,2026-08-22
https://www.wiziot.com/hamburg/blog/intrinsically-safe-multi-sim-routers-for-continuous-connectivity-in-hazardous-ar,2026-08-22
https://www.wiziot.com/cairo/blog/digital-tachograph-integration-with-isa-for-complete-driver-behaviour-visibility,2026-08-22
https://www.wiziot.com/kano/blog/gps-jammer-detection-that-prevents-cargo-hijacking-on-mexican-highways,2026-08-22
https://www.wiziot.com/krakow/blog/predictive-maintenance-for-dump-trucks-operating-in-high-dust-indonesian-mines,2026-08-22
https://www.wiziot.com/hamburg/blog/multi-device-redundancy-that-keeps-location-alive-during-sustained-jamming,2026-08-22
https://www.wiziot.com/rotterdam/blog/how-fleet-managers-in-kenya-recovered-18-of-diesel-costs-with-probe-integration,2026-08-22
https://www.wiziot.com/cairo/blog/full-equipment-utilization-dashboards-for-open-pit-fleet-superintendents,2026-08-22
https://www.wiziot.com/cairo/blog/ten-t-transit-anti-jamming-systems-that-maintain-visibility-across-poland-and-ge,2026-08-22
https://www.wiziot.com/krakow/blog/isa-system-integration-that-meets-2024-requirements-across-german-long-haul-oper,2026-08-22
https://www.wiziot.com/casablanca/blog/regulatory-reporting-packages-ready-for-uae-and-saudi-oil-authority-audits,2026-08-22
https://www.wiziot.com/sao-paulo/blog/preventing-capacity-loss-during-prolonged-idle-periods-in-extreme-ambient-heat,2026-08-22
https://www.wiziot.com/kano/blog/real-time-overfill-protection-that-integrates-with-terminal-loading-systems,2026-08-22
https://www.wiziot.com/constanta/blog/tracking-blackout-prevention-balkan-transit-corridors,2026-08-22
https://www.wiziot.com/sao-paulo/blog/real-time-speed-limit-recognition-accuracy-tested-on-spanish-ten-t-corridors,2026-08-22
https://www.wiziot.com/barcelona/blog/multi-driver-tachograph-management-for-complex-ten-t-cross-border-operations,2026-08-22
https://www.wiziot.com/constanta/blog/achieving-eu-gsr-2024-compliance-with-integrated-adas-collision-warnings,2026-08-22
https://www.wiziot.com/krakow/blog/speed-limiting-that-restricts-vehicle-movement-only-during-confirmed-signal-loss,2026-08-22
https://www.wiziot.com/hamburg/blog/remote-engine-kill-switch-truck-hijacking-south-africa,2026-08-22
https://www.wiziot.com/casablanca/blog/multi-driver-tachograph-management-for-complex-ten-t-cross-border-operations,2026-08-22
https://www.wiziot.com/sao-paulo/blog/atex-zone-0-petroleum-tanker-fuel-telematics,2026-08-22
https://www.wiziot.com/casablanca/blog/capacitance-data-export-ready-for-police-and-insurance-investigations,2026-08-22
https://www.wiziot.com/sao-paulo/blog/night-run-monitoring-protocols-that-stop-diesel-theft-in-colombia,2026-08-22
https://www.wiziot.com/hamburg/blog/full-regulatory-package-generation-for-digital-tachograph-and-gsr-audits,2026-08-22
https://www.wiziot.com/cairo/blog/cross-border-tanger-med-ferry-telematics-morocco-spain,2026-08-22
https://www.wiziot.com/cairo/blog/capacitive-fuel-probe-calibration-guide-heavy-trucks,2026-08-22
https://www.wiziot.com/rotterdam/blog/speed-restricted-immobilization-protocols-compliant-with-eu-safety-rules,2026-08-22
https://www.wiziot.com/cairo/blog/adas-integration-that-meets-2024-gsr-intelligent-speed-assistance-rules,2026-08-22
https://www.wiziot.com/barcelona/blog/seamless-tachograph-data-transfer-across-romania-hungary-border-crossings,2026-08-22
https://www.wiziot.com/krakow/blog/anti-jamming-systems-tested-on-real-nigerian-and-kenyan-high-risk-routes,2026-08-22
https://www.wiziot.com/rotterdam/blog/covert-trackers-hidden-in-cargo-that-outlast-extended-hijack-attempts-in-brazil,2026-08-22
https://www.wiziot.com/cairo/blog/night-run-monitoring-protocols-that-stop-diesel-theft-in-colombia,2026-08-22
https://www.wiziot.com/krakow/blog/detecting-fake-fuel-receipts-across-kenyan-filling-stations-before-month-end-clo,2026-08-22
https://www.wiziot.com/casablanca/blog/equipment-health-scores-that-drive-daily-dispatch-and-maintenance-decisions,2026-08-22
https://www.wiziot.com/cairo/blog/intrinsically-safe-hardware-that-eliminates-ignition-sources-on-petroleum-tanker,2026-08-22
https://www.wiziot.com/sao-paulo/blog/ruggedized-hardware-surviving-ip69k-wash-and-dust-in-open-pits,2026-08-22
https://www.wiziot.com/kuala-lumpur/blog/instant-location-updates-when-chassis-move-between-port-and-inland-depots,2026-08-22
https://www.wiziot.com/kano/blog/preventing-fuel-losses-during-long-queues-at-nigerian-depot-gates,2026-08-22
https://www.wiziot.com/hamburg/blog/electronic-seal-locks-container-cargo-theft-prevention,2026-08-22
https://www.wiziot.com/sao-paulo/blog/ip69k-mining-dump-truck-telemetry-proven-in-indonesian-equatorial-conditions,2026-08-22
https://www.wiziot.com/cairo/blog/how-adnoc-aligned-fleets-achieved-zero-ignition-incidents-with-certified-systems,2026-08-22
https://www.wiziot.com/kuala-lumpur/blog/thermal-management-roi-calculations-for-gcc-electric-fleet-conversions,2026-08-22
https://www.wiziot.com/rotterdam/blog/continuous-temperature-logging-that-survives-multi-day-port-congestion,2026-08-22
https://www.wiziot.com/rotterdam/blog/night-curfew-geofencing-stolen-vehicle-prevention,2026-08-22
https://www.wiziot.com/casablanca/blog/real-time-rest-period-enforcement-using-connected-tachograph-systems,2026-08-22
https://www.wiziot.com/constanta/blog/anti-jamming-systems-designed-for-nigerian-highway-bandit-hotspots,2026-08-22
https://www.wiziot.com/hamburg/blog/engine-load-and-fuel-burn-analytics-for-heavy-haul-trucks-in-australian-iron-ore,2026-08-22
https://www.wiziot.com/kano/blog/multi-sim-roaming-cost-control-strategies-for-high-frequency-causeway-operators,2026-08-22
https://www.wiziot.com/krakow/blog/fake-fuel-receipts-fleet-management-nigeria-solution,2026-08-22
https://www.wiziot.com/constanta/blog/tachograph-analysis-tools-that-identify-fatigue-risk-patterns-in-spanish-fleets,2026-08-22
https://www.wiziot.com/constanta/blog/real-time-geofence-breach-alerts-combined-with-jammer-detection,2026-08-22
https://www.wiziot.com/rotterdam/blog/container-chassis-ble-asset-tracker-logistics,2026-08-22
https://www.wiziot.com/constanta/blog/atex-certified-emergency-immobilization-for-compromised-petroleum-vehicles,2026-08-22
https://www.wiziot.com/casablanca/blog/cross-border-compliance-data-packages-ready-for-singapore-and-malaysian-authorit,2026-08-22
https://www.wiziot.com/sao-paulo/blog/real-time-cell-imbalance-detection-in-high-ambient-electric-truck-operations,2026-08-22
https://www.wiziot.com/kuala-lumpur/solutions/healthcare,2026-08-22
https://www.wiziot.com/kuala-lumpur/blog/real-time-alerts-that-triggered-immediate-driver-interviews-in-south-africa,2026-08-22
https://www.wiziot.com/rotterdam/blog/preventing-thermal-events-during-fast-charging-in-extreme-uae-summer-heat,2026-08-22
https://www.wiziot.com/krakow/blog/preventing-container-tampering-during-overnight-stops-in-south-africa,2026-08-22
https://www.wiziot.com/sao-paulo/blog/reefer-solar-powered-telematics-unpowered-trailers,2026-08-22
https://www.wiziot.com/krakow/blog/gps-jamming-detection-system-fleet-poland,2026-08-22
https://www.wiziot.com/rotterdam/blog/capacitive-probe-calibration-that-passes-iso-17025-audits-in-eastern-europe,2026-08-22
https://www.wiziot.com/kano/blog/real-time-engine-hours-and-payload-monitoring-on-ip69k-certified-dump-trucks,2026-08-22
https://www.wiziot.com/rotterdam/blog/driver-fuel-theft-monitoring-system-south-africa-fleet,2026-08-22
https://www.wiziot.com/barcelona/blog/intrinsically-safe-dual-ai-cameras-for-driver-monitoring-in-hazardous-zones,2026-08-22
https://www.wiziot.com/cairo/blog/how-singapore-intermodal-operators-reduced-search-time-for-available-chassis,2026-08-22
https://www.wiziot.com/barcelona/blog/sao-paulo-santos-port-cargo-telematics,2026-08-22
https://www.wiziot.com/rotterdam/blog/predictive-isa-interventions-that-reduce-harsh-braking-linked-to-speed-limits,2026-08-22
https://www.wiziot.com/sao-paulo/blog/extreme-heat-battery-degradation-patterns-observed-across-dubai-ev-fleets,2026-08-22
https://www.wiziot.com/kano/blog/achieving-eu-gsr-2024-compliance-with-integrated-adas-collision-warnings,2026-08-22
https://www.wiziot.com/sao-paulo/blog/speed-restricted-mode-that-limits-escape-options-for-hijackers-in-nigeria,2026-08-22
https://www.wiziot.com/constanta/blog/speed-restricted-immobilization-protocols-compliant-with-eu-safety-rules,2026-08-22
https://www.wiziot.com/barcelona/blog/real-time-overfill-and-spill-prevention-systems-for-atex-zone-0-environments,2026-08-22
https://www.wiziot.com/rotterdam/blog/covert-secondary-trackers-that-activate-automatically-during-signal-loss,2026-08-22
https://www.wiziot.com/kano/blog/multi-device-redundancy-that-keeps-location-alive-during-sustained-jamming,2026-08-22
https://www.wiziot.com/cairo/blog/ble-chassis-tracking-density-that-scales-across-large-indonesian-port-yards,2026-08-22
https://www.wiziot.com/cairo/blog/can-bus-fuel-consumption-vs-fuel-sensor-accuracy,2026-08-22